BENZ — HISTORIQUE COMPLET 1990-2026 (du plus récent au plus ancien);;;;;;;;;;;;;;;;;;;;;;;;;;;;;;;;;;;;;;;;;;;;;;;;;;;;;;;;;;;;;;;;;;;;;;;;;;;;;;;;;;;;;;;;;;;;;;;;;;;;;;;;;;;;;;;;;;;;;;;;;;;;;;;;;;;;;;;;;;;;;;;;;;;;;;;;;;;;;;;;;;;;;;;;;;;;;;;;;;;;;;;;;;;;;;;;;;;;;;;;;;;;;;;;;;;;;;;;;;;;;;;;;;;;;;;;;;;;;;;;;;;;;;;;;;;;;;;;;;;;;;;;;;;;;;;;;;;;;;;;;;;;;;;;;;;;;;;;;;;;;;;;;;;;;;;;;;;;;;;;;;;;;;;;;;;
BENZ 2026;;;;;;;;;BENZ 2025;;;;;;;;;BENZ 2024;;;;;;;;;BENZ 2023;;;;;;;;;BENZ 2022;;;;;;;;;BENZ 2021;;;;;;;;;BENZ 2020;;;;;;;;;BENZ 2019;;;;;;;;;BENZ 2018;;;;;;;;;BENZ 2017;;;;;;;;;BENZ 2016;;;;;;;;;BENZ 2015;;;;;;;;;BENZ 2014;;;;;;;;;BENZ 2013;;;;;;;;;BENZ 2012;;;;;;;;;BENZ 2011;;;;;;;;;BENZ 2010;;;;;;;;;BENZ 2009;;;;;;;;;BENZ 2008;;;;;;;;;BENZ 2007;;;;;;;;;BENZ 2006;;;;;;;;;BENZ 2005;;;;;;;;;BENZ 2004;;;;;;;;;BENZ 2003;;;;;;;;;BENZ 2002;;;;;;;;;BENZ 2001;;;;;;;;;BENZ 2000;;;;;;;;;BENZ 1999;;;;;;;;;BENZ 1998;;;;;;;;;BENZ 1997;;;;;;;;;BENZ 1996;;;;;;;;;BENZ 1995;;;;;;;;;BENZ 1994;;;;;;;;;BENZ 1993;;;;;;;;;BENZ 1992;;;;;;;;;BENZ 1991;;;;;;;;;BENZ 1990;;;;;;;
BENZ;DATE;N1;N2;N3;N4;N5;TOTAL;;BENZ;DATE;N1;N2;N3;N4;N5;TOTAL;;BENZ;DATE;N1;N2;N3;N4;N5;TOTAL;;BENZ;DATE;N1;N2;N3;N4;N5;TOTAL;;BENZ;DATE;N1;N2;N3;N4;N5;TOTAL;;BENZ;DATE;N1;N2;N3;N4;N5;TOTAL;;BENZ;DATE;N1;N2;N3;N4;N5;TOTAL;;BENZ;DATE;N1;N2;N3;N4;N5;TOTAL;;BENZ;DATE;N1;N2;N3;N4;N5;TOTAL;;BENZ;DATE;N1;N2;N3;N4;N5;TOTAL;;BENZ;DATE;N1;N2;N3;N4;N5;TOTAL;;BENZ;DATE;N1;N2;N3;N4;N5;TOTAL;;BENZ;DATE;N1;N2;N3;N4;N5;TOTAL;;BENZ;DATE;N1;N2;N3;N4;N5;TOTAL;;BENZ;DATE;N1;N2;N3;N4;N5;TOTAL;;BENZ;DATE;N1;N2;N3;N4;N5;TOTAL;;BENZ;DATE;N1;N2;N3;N4;N5;TOTAL;;BENZ;DATE;N1;N2;N3;N4;N5;TOTAL;;BENZ;DATE;N1;N2;N3;N4;N5;TOTAL;;BENZ;DATE;N1;N2;N3;N4;N5;TOTAL;;BENZ;DATE;N1;N2;N3;N4;N5;TOTAL;;BENZ;DATE;N1;N2;N3;N4;N5;TOTAL;;BENZ;DATE;N1;N2;N3;N4;N5;TOTAL;;BENZ;DATE;N1;N2;N3;N4;N5;TOTAL;;BENZ;DATE;N1;N2;N3;N4;N5;TOTAL;;BENZ;DATE;N1;N2;N3;N4;N5;TOTAL;;BENZ;DATE;N1;N2;N3;N4;N5;TOTAL;;BENZ;DATE;N1;N2;N3;N4;N5;TOTAL;;BENZ;DATE;N1;N2;N3;N4;N5;TOTAL;;BENZ;DATE;N1;N2;N3;N4;N5;TOTAL;;BENZ;DATE;N1;N2;N3;N4;N5;TOTAL;;BENZ;DATE;N1;N2;N3;N4;N5;TOTAL;;BENZ;DATE;N1;N2;N3;N4;N5;TOTAL;;BENZ;DATE;N1;N2;N3;N4;N5;TOTAL;;BENZ;DATE;N1;N2;N3;N4;N5;TOTAL;;BENZ;DATE;N1;N2;N3;N4;N5;TOTAL;;BENZ;DATE;N1;N2;N3;N4;N5;TOTAL
BENZ 1825;07/01/2026;69;62;7;11;70;219;;BENZ 1772;01/01/2025;34;49;85;36;64;268;;BENZ 1720;03/01/2024;4;90;61;6;72;233;;BENZ 1668;04/01/2023;29;10;8;63;68;178;;BENZ 1616;05/01/2022;47;61;59;57;63;287;;BENZ 1564;06/01/2021;76;31;63;6;60;236;;BENZ 1511;01/01/2020;12;72;88;40;2;214;;BENZ 1459;02/01/2019;35;72;11;82;56;256;;BENZ 1407;03/01/2018;17;47;22;42;80;208;;BENZ 1355;04/01/2017;61;86;62;68;89;366;;BENZ 1303;06/01/2016;82;9;7;84;86;268;;BENZ 1251;07/01/2015;88;2;27;48;60;225;;BENZ 1198;01/01/2014;73;12;90;87;89;351;;BENZ 1146;02/01/2013;12;16;7;48;79;162;;BENZ 1094;04/01/2012;62;61;46;58;63;290;;BENZ 1042;05/01/2011;48;74;89;47;31;289;;BENZ 0990;06/01/2010;8;40;27;59;86;220;;BENZ 0938;07/01/2009;73;83;16;71;36;279;;BENZ 0885;02/01/2008;12;46;15;24;14;111;;BENZ 0833;03/01/2007;20;47;10;68;41;186;;BENZ 0781;04/01/2006;86;5;8;23;71;193;;BENZ 0729;05/01/2005;61;87;35;48;66;297;;BENZ 0677;07/01/2004;45;10;74;70;57;256;;BENZ 0624;01/01/2003;67;69;43;78;46;303;;BENZ 0572;02/01/2002;10;28;13;3;87;141;;BENZ 0520;03/01/2001;11;88;12;86;87;284;;BENZ 0468;05/01/2000;74;38;29;33;55;229;;BENZ 0416;06/01/1999;19;21;26;35;89;190;;BENZ 0364;07/01/1998;79;70;42;47;75;313;;BENZ 0311;01/01/1997;77;7;58;76;24;242;;BENZ 0259;03/01/1996;3;11;51;35;33;133;;BENZ 0207;04/01/1995;90;10;36;16;2;154;;BENZ 0155;05/01/1994;86;57;27;70;32;272;;BENZ 0104;06/01/1993;84;71;32;35;46;268;;BENZ 0052;01/01/1992;89;67;82;9;39;286;;BENZ 0003;02/01/1991;74;48;57;1;80;260;;BENZ 0001;19/12/1990;50;29;62;56;52;249
BENZ 1826;14/01/2026;34;79;46;42;90;291;;BENZ 1773;08/01/2025;50;78;74;29;64;295;;BENZ 1721;10/01/2024;84;74;40;23;49;270;;BENZ 1669;11/01/2023;29;66;3;57;25;180;;BENZ 1617;12/01/2022;24;13;47;67;9;160;;BENZ 1565;13/01/2021;11;1;37;26;8;83;;BENZ 1512;08/01/2020;20;56;7;18;79;180;;BENZ 1460;09/01/2019;55;34;16;85;9;199;;BENZ 1408;10/01/2018;32;10;87;51;30;210;;BENZ 1356;11/01/2017;68;73;14;85;82;322;;BENZ 1304;13/01/2016;22;76;6;60;17;181;;BENZ 1252;14/01/2015;49;59;28;41;15;192;;BENZ 1199;08/01/2014;55;49;14;21;12;151;;BENZ 1147;09/01/2013;29;42;16;23;17;127;;BENZ 1095;11/01/2012;9;88;4;46;39;186;;BENZ 1043;12/01/2011;75;11;35;28;81;230;;BENZ 0991;13/01/2010;9;75;76;42;1;203;;BENZ 0939;14/01/2009;8;23;33;86;40;190;;BENZ 0886;09/01/2008;19;29;51;80;46;225;;BENZ 0834;10/01/2007;86;9;3;21;90;209;;BENZ 0782;11/01/2006;47;75;54;34;35;245;;BENZ 0730;12/01/2005;12;54;53;81;42;242;;BENZ 0678;14/01/2004;27;3;85;46;43;204;;BENZ 0625;08/01/2003;74;90;27;85;39;315;;BENZ 0573;09/01/2002;31;71;12;38;13;165;;BENZ 0521;10/01/2001;6;20;84;1;76;187;;BENZ 0469;12/01/2000;24;68;71;32;35;230;;BENZ 0417;13/01/1999;55;30;24;34;51;194;;BENZ 0365;14/01/1998;39;69;59;28;70;265;;BENZ 0312;08/01/1997;62;80;23;39;85;289;;BENZ 0260;10/01/1996;57;56;53;1;3;170;;BENZ 0208;11/01/1995;34;76;75;32;21;238;;BENZ 0156;12/01/1994;1;70;66;3;52;192;;BENZ 0105;13/01/1993;72;62;63;15;36;248;;BENZ 0053;08/01/1992;35;44;8;70;26;183;;BENZ 0004;09/01/1991;33;23;8;64;55;183;;BENZ 0002;26/12/1990;8;67;26;80;15;196
BENZ 1827;21/01/2026;26;61;43;19;64;213;;BENZ 1774;15/01/2025;37;82;26;14;7;166;;BENZ 1722;17/01/2024;3;39;52;12;66;172;;BENZ 1670;18/01/2023;64;30;50;65;74;283;;BENZ 1618;19/01/2022;78;79;42;3;86;288;;BENZ 1566;20/01/2021;14;46;25;81;13;179;;BENZ 1513;15/01/2020;78;2;65;11;54;210;;BENZ 1461;16/01/2019;53;44;24;87;16;224;;BENZ 1409;17/01/2018;50;67;79;24;25;245;;BENZ 1357;18/01/2017;84;35;2;27;21;169;;BENZ 1305;20/01/2016;68;67;57;75;9;276;;BENZ 1253;21/01/2015;82;68;72;9;81;312;;BENZ 1200;15/01/2014;78;5;58;67;44;252;;BENZ 1148;16/01/2013;33;48;81;49;47;258;;BENZ 1096;18/01/2012;89;10;42;33;48;222;;BENZ 1044;19/01/2011;83;15;57;76;44;275;;BENZ 0992;20/01/2010;40;76;88;75;73;352;;BENZ 0940;21/01/2009;31;80;20;47;78;256;;BENZ 0887;16/01/2008;29;34;55;20;79;217;;BENZ 0835;17/01/2007;60;36;37;81;42;256;;BENZ 0783;18/01/2006;77;74;58;15;38;262;;BENZ 0731;19/01/2005;60;59;18;27;42;206;;BENZ 0679;21/01/2004;22;13;17;5;37;94;;BENZ 0626;15/01/2003;14;80;53;17;7;171;;BENZ 0574;16/01/2002;9;11;40;50;10;120;;BENZ 0522;17/01/2001;74;33;21;55;2;185;;BENZ 0470;19/01/2000;62;31;1;35;37;166;;BENZ 0418;20/01/1999;50;35;48;28;10;171;;BENZ 0366;21/01/1998;8;37;55;29;21;150;;BENZ 0313;15/01/1997;26;40;9;68;8;151;;BENZ 0261;17/01/1996;1;55;34;16;59;165;;BENZ 0209;18/01/1995;53;66;50;57;80;306;;BENZ 0157;19/01/1994;7;43;87;28;54;219;;BENZ 0106;20/01/1993;36;51;42;14;13;156;;BENZ 0054;15/01/1992;46;85;54;65;27;277;;BENZ 0005;16/01/1991;67;39;70;61;20;257;;;;;;;;;
BENZ 1828;28/01/2026;20;15;46;31;56;168;;BENZ 1775;22/01/2025;76;54;20;65;52;267;;BENZ 1723;24/01/2024;41;53;50;87;37;268;;BENZ 1671;25/01/2023;46;25;83;17;51;222;;BENZ 1619;26/01/2022;37;39;55;69;21;221;;BENZ 1567;27/01/2021;32;38;21;68;16;175;;BENZ 1514;22/01/2020;27;25;11;52;10;125;;BENZ 1462;23/01/2019;51;13;85;80;47;276;;BENZ 1410;24/01/2018;51;16;42;25;4;138;;BENZ 1358;25/01/2017;11;21;51;70;63;216;;BENZ 1306;27/01/2016;16;32;83;59;89;279;;BENZ 1254;28/01/2015;39;82;73;76;15;285;;BENZ 1201;22/01/2014;90;21;7;54;11;183;;BENZ 1149;23/01/2013;37;81;59;85;50;312;;BENZ 1097;25/01/2012;21;36;67;87;10;221;;BENZ 1045;26/01/2011;12;6;21;78;26;143;;BENZ 0993;27/01/2010;70;20;68;74;82;314;;BENZ 0941;28/01/2009;85;68;77;63;74;367;;BENZ 0888;23/01/2008;68;6;39;37;26;176;;BENZ 0836;24/01/2007;23;7;42;70;20;162;;BENZ 0784;25/01/2006;53;49;81;42;34;259;;BENZ 0732;26/01/2005;64;66;35;46;80;291;;BENZ 0680;28/01/2004;5;8;63;85;77;238;;BENZ 0627;22/01/2003;28;13;56;5;50;152;;BENZ 0575;23/01/2002;38;33;58;7;6;142;;BENZ 0523;24/01/2001;25;37;84;52;2;200;;BENZ 0471;26/01/2000;31;67;54;29;87;268;;BENZ 0419;27/01/1999;45;51;11;55;42;204;;BENZ 0367;28/01/1998;72;59;39;86;10;266;;BENZ 0314;22/01/1997;19;17;90;84;61;271;;BENZ 0262;24/01/1996;87;55;23;78;48;291;;BENZ 0210;25/01/1995;41;85;55;24;39;244;;BENZ 0158;26/01/1994;42;47;44;12;79;224;;BENZ 0107;03/02/1993;11;63;51;49;64;238;;BENZ 0055;22/01/1992;41;26;38;32;18;155;;BENZ 0006;23/01/1991;35;9;8;54;63;169;;;;;;;;;
BENZ 1829;04/02/2026;84;59;9;57;11;220;;BENZ 1776;29/01/2025;45;53;9;8;33;148;;BENZ 1724;31/01/2024;46;63;32;4;45;190;;BENZ 1672;01/02/2023;19;39;14;81;24;177;;BENZ 1620;02/02/2022;2;49;81;51;28;211;;BENZ 1568;03/02/2021;37;19;89;52;16;213;;BENZ 1515;29/01/2020;52;4;73;20;23;172;;BENZ 1463;30/01/2019;67;28;39;42;48;224;;BENZ 1411;31/01/2018;15;73;50;10;90;238;;BENZ 1359;01/02/2017;18;37;26;9;50;140;;BENZ 1307;03/02/2016;62;78;23;75;36;274;;BENZ 1255;04/02/2015;76;60;20;49;81;286;;BENZ 1202;29/01/2014;33;78;82;66;34;293;;BENZ 1150;30/01/2013;81;90;56;29;21;277;;BENZ 1098;01/02/2012;11;86;9;26;57;189;;BENZ 1046;02/02/2011;27;12;49;69;29;186;;BENZ 0994;03/02/2010;80;36;26;78;51;271;;BENZ 0942;04/02/2009;75;82;16;45;30;248;;BENZ 0889;30/01/2008;7;48;22;24;20;121;;BENZ 0837;31/01/2007;71;45;62;9;54;241;;BENZ 0785;01/02/2006;11;32;60;71;69;243;;BENZ 0733;02/02/2005;70;4;48;59;29;210;;BENZ 0681;04/02/2004;51;77;47;86;74;335;;BENZ 0628;29/01/2003;78;2;46;59;5;190;;BENZ 0576;30/01/2002;46;6;16;34;74;176;;BENZ 0524;31/01/2001;21;53;38;5;40;157;;BENZ 0472;02/02/2000;85;20;66;8;44;223;;BENZ 0420;03/02/1999;65;58;75;9;3;210;;BENZ 0368;04/02/1998;38;72;28;46;34;218;;BENZ 0315;29/01/1997;33;78;46;85;57;299;;BENZ 0263;31/01/1996;85;45;13;16;21;180;;BENZ 0211;01/02/1995;40;8;1;23;34;106;;BENZ 0159;02/02/1994;45;39;85;11;80;260;;BENZ 0108;10/02/1993;24;21;8;45;51;149;;BENZ 0056;29/01/1992;79;35;51;57;3;225;;BENZ 0007;30/01/1991;15;20;30;11;48;124;;;;;;;;;
BENZ 1830;11/02/2026;90;9;74;8;38;219;;BENZ 1777;05/02/2025;31;18;23;75;83;230;;BENZ 1725;07/02/2024;29;71;51;72;7;230;;BENZ 1673;08/02/2023;86;88;43;4;5;226;;BENZ 1621;09/02/2022;59;30;67;81;77;314;;BENZ 1569;10/02/2021;72;13;90;46;59;280;;BENZ 1516;05/02/2020;41;36;86;33;11;207;;BENZ 1464;06/02/2019;30;40;9;54;20;153;;BENZ 1412;07/02/2018;35;43;17;85;46;226;;BENZ 1360;08/02/2017;69;55;5;60;53;242;;BENZ 1308;10/02/2016;66;71;25;61;51;274;;BENZ 1256;11/02/2015;87;86;80;78;15;346;;BENZ 1203;05/02/2014;77;83;80;84;58;382;;BENZ 1151;06/02/2013;87;70;25;1;15;198;;BENZ 1099;08/02/2012;71;50;45;28;9;203;;BENZ 1047;09/02/2011;34;38;37;19;71;199;;BENZ 0995;10/02/2010;79;83;22;39;60;283;;BENZ 0943;11/02/2009;54;90;6;4;63;217;;BENZ 0890;06/02/2008;5;33;17;36;77;168;;BENZ 0838;07/02/2007;18;5;25;85;12;145;;BENZ 0786;08/02/2006;76;32;81;56;5;250;;BENZ 0734;09/02/2005;59;27;77;50;90;303;;BENZ 0682;11/02/2004;12;10;61;25;36;144;;BENZ 0629;05/02/2003;55;48;82;30;77;292;;BENZ 0577;06/02/2002;81;71;49;40;52;293;;BENZ 0525;07/02/2001;79;42;71;23;27;242;;BENZ 0473;09/02/2000;74;58;30;62;27;251;;BENZ 0421;10/02/1999;24;37;13;75;50;199;;BENZ 0369;11/02/1998;72;62;58;56;63;311;;BENZ 0316;05/02/1997;26;37;4;72;82;221;;BENZ 0264;07/02/1996;87;56;33;3;32;211;;BENZ 0212;08/02/1995;82;29;84;89;48;332;;BENZ 0160;09/02/1994;40;14;35;54;6;149;;BENZ 0109;17/02/1993;6;65;34;10;20;135;;BENZ 0057;05/02/1992;50;77;47;19;59;252;;BENZ 0008;06/02/1991;19;55;75;10;82;241;;;;;;;;;
BENZ 1831;18/02/2026;64;76;1;63;40;244;;BENZ 1778;12/02/2025;24;35;61;63;40;223;;BENZ 1726;14/02/2024;62;31;79;14;24;210;;BENZ 1674;15/02/2023;31;19;81;61;46;238;;BENZ 1622;16/02/2022;87;73;83;41;36;320;;BENZ 1570;17/02/2021;56;57;30;83;24;250;;BENZ 1517;12/02/2020;56;36;69;25;8;194;;BENZ 1465;13/02/2019;18;40;37;39;48;182;;BENZ 1413;14/02/2018;70;61;66;42;4;243;;BENZ 1361;15/02/2017;81;79;14;19;72;265;;BENZ 1309;17/02/2016;69;45;83;33;14;244;;BENZ 1257;18/02/2015;79;39;90;8;47;263;;BENZ 1204;12/02/2014;31;50;9;6;80;176;;BENZ 1152;13/02/2013;2;16;69;76;72;235;;BENZ 1100;15/02/2012;74;42;54;55;33;258;;BENZ 1048;16/02/2011;36;80;15;53;83;267;;BENZ 0996;17/02/2010;32;70;55;54;84;295;;BENZ 0944;18/02/2009;27;48;74;85;34;268;;BENZ 0891;13/02/2008;76;6;65;79;5;231;;BENZ 0839;14/02/2007;4;83;17;50;62;216;;BENZ 0787;15/02/2006;20;62;72;33;44;231;;BENZ 0735;16/02/2005;77;16;10;26;36;165;;BENZ 0683;18/02/2004;59;34;13;71;41;218;;BENZ 0630;12/02/2003;58;61;72;75;57;323;;BENZ 0578;13/02/2002;24;44;53;23;42;186;;BENZ 0526;14/02/2001;6;39;31;11;63;150;;BENZ 0474;16/02/2000;40;89;34;50;71;284;;BENZ 0422;17/02/1999;37;17;32;68;85;239;;BENZ 0370;18/02/1998;58;35;20;7;71;191;;BENZ 0317;12/02/1997;51;84;33;22;45;235;;BENZ 0265;14/02/1996;52;12;22;21;76;183;;BENZ 0213;15/02/1995;39;10;83;66;33;231;;BENZ 0161;16/02/1994;33;76;9;49;1;168;;BENZ 0110;24/02/1993;58;46;6;4;86;200;;BENZ 0058;12/02/1992;63;62;85;87;32;329;;BENZ 0009;13/02/1991;83;64;14;73;2;236;;;;;;;;;
BENZ 1832;25/02/2026;63;49;52;27;60;251;;BENZ 1779;19/02/2025;35;50;34;75;70;264;;BENZ 1727;21/02/2024;24;16;76;81;44;241;;BENZ 1675;22/02/2023;37;15;55;72;34;213;;BENZ 1623;23/02/2022;62;69;50;13;53;247;;BENZ 1571;24/02/2021;42;38;11;80;27;198;;BENZ 1518;19/02/2020;15;3;10;87;47;162;;BENZ 1466;20/02/2019;23;83;42;33;10;191;;BENZ 1414;21/02/2018;38;74;88;44;8;252;;BENZ 1362;22/02/2017;9;50;48;25;40;172;;BENZ 1310;24/02/2016;54;29;76;57;26;242;;BENZ 1258;25/02/2015;73;12;65;61;17;228;;BENZ 1205;19/02/2014;49;27;89;55;85;305;;BENZ 1153;20/02/2013;44;23;45;42;36;190;;BENZ 1101;22/02/2012;77;50;56;68;35;286;;BENZ 1049;23/02/2011;45;1;26;70;16;158;;BENZ 0997;24/02/2010;51;58;76;1;12;198;;BENZ 0945;25/02/2009;70;58;49;33;44;254;;BENZ 0892;20/02/2008;15;72;9;75;6;177;;BENZ 0840;21/02/2007;22;38;77;86;7;230;;BENZ 0788;22/02/2006;90;72;48;56;73;339;;BENZ 0736;23/02/2005;74;4;22;44;76;220;;BENZ 0684;25/02/2004;17;79;63;83;57;299;;BENZ 0631;19/02/2003;53;5;38;28;9;133;;BENZ 0579;20/02/2002;56;61;78;21;84;300;;BENZ 0527;21/02/2001;44;34;21;1;46;146;;BENZ 0475;23/02/2000;78;85;33;79;87;362;;BENZ 0423;24/02/1999;42;1;28;52;63;186;;BENZ 0371;25/02/1998;24;1;21;56;6;108;;BENZ 0318;19/02/1997;86;10;48;58;35;237;;BENZ 0266;21/02/1996;37;41;25;87;6;196;;BENZ 0214;22/02/1995;15;12;29;64;42;162;;BENZ 0162;23/02/1994;23;78;38;27;59;225;;BENZ 0111;03/03/1993;55;54;83;28;76;296;;BENZ 0059;19/02/1992;62;6;28;25;29;150;;BENZ 0010;20/02/1991;16;75;78;2;9;180;;;;;;;;;
BENZ 1833;04/03/2026;37;59;72;36;89;293;;BENZ 1780;26/02/2025;43;45;47;57;20;212;;BENZ 1728;28/02/2024;58;78;6;48;86;276;;BENZ 1676;01/03/2023;5;16;21;9;11;62;;BENZ 1624;02/03/2022;90;74;61;26;68;319;;BENZ 1572;03/03/2021;41;56;32;76;82;287;;BENZ 1519;26/02/2020;61;71;20;10;39;201;;BENZ 1467;27/02/2019;31;14;25;29;72;171;;BENZ 1415;28/02/2018;78;37;36;56;35;242;;BENZ 1363;01/03/2017;86;37;18;85;58;284;;BENZ 1311;02/03/2016;44;78;52;60;66;300;;BENZ 1259;04/03/2015;67;34;26;73;8;208;;BENZ 1206;26/02/2014;13;53;85;42;82;275;;BENZ 1154;27/02/2013;71;83;19;28;38;239;;BENZ 1102;29/02/2012;11;63;76;54;27;231;;BENZ 1050;02/03/2011;54;13;82;38;1;188;;BENZ 0998;03/03/2010;20;76;6;82;85;269;;BENZ 0946;04/03/2009;10;9;52;25;46;142;;BENZ 0893;27/02/2008;1;43;64;27;31;166;;BENZ 0841;28/02/2007;28;78;45;87;58;296;;BENZ 0789;01/03/2006;80;31;66;64;77;318;;BENZ 0737;02/03/2005;14;26;56;74;46;216;;BENZ 0685;03/03/2004;58;5;26;8;65;162;;BENZ 0632;26/02/2003;63;10;37;68;69;247;;BENZ 0580;27/02/2002;43;3;80;78;89;293;;BENZ 0528;28/02/2001;83;79;39;38;68;307;;BENZ 0476;01/03/2000;1;56;73;4;38;172;;BENZ 0424;03/03/1999;47;58;61;12;44;222;;BENZ 0372;04/03/1998;57;77;47;17;26;224;;BENZ 0319;26/02/1997;89;36;77;26;81;309;;BENZ 0267;28/02/1996;26;30;50;44;90;240;;BENZ 0215;01/03/1995;24;82;13;3;45;167;;BENZ 0163;02/03/1994;86;28;72;22;6;214;;BENZ 0112;10/03/1993;70;69;61;34;48;282;;BENZ 0060;26/02/1992;19;5;77;88;85;274;;BENZ 0011;27/02/1991;61;45;82;25;38;251;;;;;;;;;
BENZ 1834;11/03/2026;19;29;85;39;62;234;;BENZ 1781;05/03/2025;82;44;87;48;60;321;;BENZ 1729;06/03/2024;18;69;48;40;34;209;;BENZ 1677;08/03/2023;81;54;80;50;47;312;;BENZ 1625;09/03/2022;47;37;53;21;46;204;;BENZ 1573;10/03/2021;21;77;9;59;83;249;;BENZ 1520;04/03/2020;63;68;60;90;71;352;;BENZ 1468;06/03/2019;60;62;5;41;43;211;;BENZ 1416;07/03/2018;27;89;66;38;43;263;;BENZ 1364;08/03/2017;73;35;18;66;32;224;;BENZ 1312;09/03/2016;82;76;61;64;72;355;;BENZ 1260;11/03/2015;43;66;62;3;29;203;;BENZ 1207;05/03/2014;90;79;36;32;56;293;;BENZ 1155;06/03/2013;34;5;82;55;42;218;;BENZ 1103;07/03/2012;53;83;52;69;50;307;;BENZ 1051;09/03/2011;2;84;6;7;64;163;;BENZ 0999;10/03/2010;88;89;6;51;67;301;;BENZ 0947;11/03/2009;6;39;56;28;18;147;;BENZ 0894;05/03/2008;22;50;36;15;33;156;;BENZ 0842;07/03/2007;75;27;25;87;65;279;;BENZ 0790;08/03/2006;76;29;69;21;58;253;;BENZ 0738;09/03/2005;25;20;13;84;64;206;;BENZ 0686;10/03/2004;40;4;11;29;86;170;;BENZ 0633;05/03/2003;72;18;58;64;34;246;;BENZ 0581;06/03/2002;85;43;55;58;22;263;;BENZ 0529;07/03/2001;20;88;60;64;45;277;;BENZ 0477;08/03/2000;14;12;33;57;50;166;;BENZ 0425;10/03/1999;15;87;42;37;49;230;;BENZ 0373;11/03/1998;15;6;72;37;29;159;;BENZ 0320;05/03/1997;76;23;50;15;27;191;;BENZ 0268;06/03/1996;46;51;89;58;57;301;;BENZ 0216;08/03/1995;79;10;85;14;60;248;;BENZ 0164;09/03/1994;81;56;26;27;30;220;;BENZ 0113;17/03/1993;18;28;14;83;40;183;;BENZ 0061;04/03/1992;58;44;43;66;32;243;;BENZ 0012;06/03/1991;75;81;47;22;8;233;;;;;;;;;
BENZ 1835;18/03/2026;78;50;6;68;79;281;;BENZ 1782;12/03/2025;71;2;44;10;29;156;;BENZ 1730;13/03/2024;14;53;47;42;89;245;;BENZ 1678;15/03/2023;64;17;66;42;60;249;;BENZ 1626;16/03/2022;73;50;81;66;51;321;;BENZ 1574;17/03/2021;74;78;1;67;19;239;;BENZ 1521;11/03/2020;73;43;42;67;1;226;;BENZ 1469;13/03/2019;59;37;62;17;73;248;;BENZ 1417;14/03/2018;34;65;30;58;31;218;;BENZ 1365;15/03/2017;39;18;32;79;69;237;;BENZ 1313;16/03/2016;50;74;51;55;80;310;;BENZ 1261;18/03/2015;81;54;44;74;34;287;;BENZ 1208;12/03/2014;76;12;85;67;51;291;;BENZ 1156;13/03/2013;27;8;18;81;89;223;;BENZ 1104;14/03/2012;68;28;26;54;1;177;;BENZ 1052;16/03/2011;66;10;11;77;79;243;;BENZ 1000;17/03/2010;86;12;21;83;24;226;;BENZ 0948;18/03/2009;58;23;27;72;41;221;;BENZ 0895;12/03/2008;25;87;83;70;89;354;;BENZ 0843;14/03/2007;25;4;64;15;70;178;;BENZ 0791;15/03/2006;34;82;78;90;22;306;;BENZ 0739;16/03/2005;43;7;72;38;51;211;;BENZ 0687;17/03/2004;4;59;61;18;36;178;;BENZ 0634;12/03/2003;30;41;84;14;34;203;;BENZ 0582;13/03/2002;14;37;51;73;90;265;;BENZ 0530;14/03/2001;46;23;50;73;62;254;;BENZ 0478;15/03/2000;29;59;67;26;1;182;;BENZ 0426;17/03/1999;63;70;74;10;4;221;;BENZ 0374;18/03/1998;57;26;73;55;7;218;;BENZ 0321;12/03/1997;82;64;39;31;48;264;;BENZ 0269;13/03/1996;6;53;43;35;32;169;;BENZ 0217;15/03/1995;5;70;35;2;59;171;;BENZ 0165;16/03/1994;27;8;53;3;11;102;;BENZ 0114;24/03/1993;56;40;37;35;46;214;;BENZ 0062;11/03/1992;32;61;69;40;59;261;;BENZ 0013;13/03/1991;41;75;38;62;25;241;;;;;;;;;
BENZ 1836;25/03/2026;76;50;36;31;20;213;;BENZ 1783;19/03/2025;18;20;79;58;49;224;;BENZ 1731;20/03/2024;14;16;61;22;15;128;;BENZ 1679;22/03/2023;67;60;23;18;69;237;;BENZ 1627;23/03/2022;77;31;88;36;50;282;;BENZ 1575;24/03/2021;48;20;52;38;65;223;;BENZ 1522;18/03/2020;43;70;32;89;20;254;;BENZ 1470;20/03/2019;7;53;41;44;50;195;;BENZ 1418;21/03/2018;33;56;59;10;37;195;;BENZ 1366;22/03/2017;39;5;68;71;38;221;;BENZ 1314;23/03/2016;42;52;61;34;87;276;;BENZ 1262;25/03/2015;32;81;33;88;4;238;;BENZ 1209;19/03/2014;24;29;50;83;30;216;;BENZ 1157;20/03/2013;26;88;38;76;19;247;;BENZ 1105;21/03/2012;23;69;20;60;68;240;;BENZ 1053;23/03/2011;2;28;50;90;54;224;;BENZ 1001;24/03/2010;73;53;35;70;5;236;;BENZ 0949;25/03/2009;67;44;24;56;23;214;;BENZ 0896;19/03/2008;27;50;67;8;53;205;;BENZ 0844;21/03/2007;8;42;23;85;43;201;;BENZ 0792;22/03/2006;90;89;4;15;7;205;;BENZ 0740;23/03/2005;65;20;67;90;71;313;;BENZ 0688;24/03/2004;33;87;47;35;28;230;;BENZ 0635;19/03/2003;69;6;50;68;83;276;;BENZ 0583;20/03/2002;37;34;59;43;87;260;;BENZ 0531;21/03/2001;41;35;17;77;36;206;;BENZ 0479;22/03/2000;66;60;38;44;12;220;;BENZ 0427;24/03/1999;12;29;59;68;52;220;;BENZ 0375;25/03/1998;13;68;89;54;63;287;;BENZ 0322;19/03/1997;57;86;47;74;35;299;;BENZ 0270;20/03/1996;33;29;25;84;49;220;;BENZ 0218;22/03/1995;42;61;11;71;24;209;;BENZ 0166;23/03/1994;76;33;57;42;20;228;;BENZ 0115;31/03/1993;62;7;88;63;1;221;;BENZ 0063;18/03/1992;24;22;43;62;30;181;;BENZ 0014;20/03/1991;31;30;10;5;28;104;;;;;;;;;
BENZ 1837;01/04/2026;51;84;43;49;61;288;;BENZ 1784;26/03/2025;34;77;78;55;3;247;;BENZ 1732;27/03/2024;44;71;11;2;13;141;;BENZ 1680;29/03/2023;65;61;42;12;32;212;;BENZ 1628;30/03/2022;44;2;35;86;21;188;;BENZ 1576;31/03/2021;25;69;32;11;85;222;;BENZ 1523;25/03/2020;89;41;23;15;7;175;;BENZ 1471;24/03/2019;24;26;70;13;35;168;;BENZ 1419;28/03/2018;3;37;12;66;7;125;;BENZ 1367;29/03/2017;4;24;78;63;60;229;;BENZ 1315;30/03/2016;78;1;86;62;34;261;;BENZ 1263;01/04/2015;74;61;28;82;62;307;;BENZ 1210;26/03/2014;82;74;61;2;79;298;;BENZ 1158;27/03/2013;23;21;34;33;80;191;;BENZ 1106;28/03/2012;17;61;88;77;62;305;;BENZ 1054;30/03/2011;25;39;90;51;5;210;;BENZ 1002;31/03/2010;26;76;9;53;86;250;;BENZ 0950;01/04/2009;79;14;44;64;27;228;;BENZ 0897;26/03/2008;70;50;16;77;53;266;;BENZ 0845;28/03/2007;55;42;14;73;76;260;;BENZ 0793;29/03/2006;81;28;50;34;32;225;;BENZ 0741;30/03/2005;66;20;68;50;4;208;;BENZ 0689;31/03/2004;86;27;22;75;52;262;;BENZ 0636;26/03/2003;7;45;13;4;88;157;;BENZ 0584;27/03/2002;75;37;43;2;83;240;;BENZ 0532;28/03/2001;7;69;2;66;26;170;;BENZ 0480;29/03/2000;27;28;42;56;5;158;;BENZ 0428;31/03/1999;64;46;34;31;65;240;;BENZ 0376;01/04/1998;32;84;30;52;24;222;;BENZ 0323;26/03/1997;21;6;27;73;52;179;;BENZ 0271;27/03/1996;44;20;1;19;65;149;;BENZ 0219;29/03/1995;49;14;38;60;57;218;;BENZ 0167;30/03/1994;2;51;34;9;74;170;;BENZ 0116;07/04/1993;51;6;67;68;60;252;;BENZ 0064;25/03/1992;23;64;11;22;57;177;;BENZ 0015;27/03/1991;10;4;21;14;38;87;;;;;;;;;
BENZ 1838;08/04/2026;54;26;31;3;65;179;;BENZ 1785;02/04/2025;55;32;69;71;45;272;;BENZ 1733;03/04/2024;54;84;35;15;66;254;;BENZ 1681;06/04/2023;47;18;72;9;17;163;;BENZ 1629;06/04/2022;47;10;9;36;52;154;;BENZ 1577;07/04/2021;51;61;26;71;15;224;;BENZ 1524;01/04/2020;13;46;86;68;40;253;;BENZ 1472;03/04/2019;15;65;73;14;30;197;;BENZ 1420;04/04/2018;54;89;31;55;69;298;;BENZ 1368;05/04/2017;1;53;73;2;23;152;;BENZ 1316;06/04/2016;75;71;27;41;7;221;;BENZ 1264;08/04/2015;5;85;83;78;52;303;;BENZ 1211;02/04/2014;7;31;71;3;47;159;;BENZ 1159;03/04/2013;48;12;85;83;50;278;;BENZ 1107;04/04/2012;54;21;10;89;70;244;;BENZ 1055;06/04/2011;71;4;43;20;19;157;;BENZ 1003;07/04/2010;4;86;42;19;5;156;;BENZ 0951;08/04/2009;56;27;3;64;88;238;;BENZ 0898;02/04/2008;15;67;39;3;19;143;;BENZ 0846;04/04/2007;81;23;32;30;12;178;;BENZ 0794;05/04/2006;59;65;1;72;43;240;;BENZ 0742;06/04/2005;87;12;52;42;49;242;;BENZ 0690;07/04/2004;68;75;84;81;82;390;;BENZ 0637;02/04/2003;84;45;74;63;10;276;;BENZ 0585;03/04/2002;85;14;24;3;36;162;;BENZ 0533;04/04/2001;64;61;8;80;75;288;;BENZ 0481;05/04/2000;12;89;39;69;46;255;;BENZ 0429;07/04/1999;47;54;42;40;84;267;;BENZ 0377;08/04/1998;79;11;83;26;84;283;;BENZ 0324;02/04/1997;86;64;52;48;35;285;;BENZ 0272;03/04/1996;5;61;40;30;71;207;;BENZ 0220;05/04/1995;70;33;67;28;78;276;;BENZ 0168;06/04/1994;26;71;65;36;58;256;;BENZ 0117;14/04/1993;78;70;20;65;66;299;;BENZ 0065;01/04/1992;56;45;69;52;78;300;;BENZ 0016;03/04/1991;87;63;80;54;86;370;;;;;;;;;
BENZ 1839;15/04/2026;29;78;41;9;59;216;;BENZ 1786;09/04/2025;45;74;73;47;59;298;;BENZ 1734;10/04/2024;18;13;37;4;79;151;;BENZ 1682;12/04/2023;34;64;63;68;69;298;;BENZ 1630;13/04/2022;59;77;68;60;66;330;;BENZ 1578;14/04/2021;38;6;47;78;82;251;;BENZ 1525;08/04/2020;22;51;86;44;15;218;;BENZ 1473;10/04/2019;23;36;52;80;65;256;;BENZ 1421;11/04/2018;13;83;60;8;18;182;;BENZ 1369;12/04/2017;7;5;42;66;63;183;;BENZ 1317;13/04/2016;67;33;57;7;71;235;;BENZ 1265;15/04/2015;34;76;17;54;30;211;;BENZ 1212;09/04/2014;37;56;23;32;64;212;;BENZ 1160;10/04/2013;72;6;58;65;26;227;;BENZ 1108;11/04/2012;20;88;28;87;39;262;;BENZ 1056;13/04/2011;1;78;90;63;37;269;;BENZ 1004;14/04/2010;71;14;75;61;35;256;;BENZ 0952;15/04/2009;18;71;40;54;90;273;;BENZ 0899;09/04/2008;58;7;14;73;36;188;;BENZ 0847;11/04/2007;23;21;17;43;2;106;;BENZ 0795;12/04/2006;27;77;17;50;55;226;;BENZ 0743;13/04/2005;16;74;47;1;49;187;;BENZ 0691;14/04/2004;88;60;71;50;44;313;;BENZ 0638;09/04/2003;4;60;6;64;51;185;;BENZ 0586;10/04/2002;88;36;35;2;64;225;;BENZ 0534;11/04/2001;64;20;58;12;28;182;;BENZ 0482;12/04/2000;47;44;78;86;42;297;;BENZ 0430;14/04/1999;1;25;4;27;3;60;;BENZ 0378;15/04/1998;54;26;89;49;43;261;;BENZ 0325;09/04/1997;2;54;65;36;62;219;;BENZ 0273;10/04/1996;45;7;79;72;24;227;;BENZ 0221;12/04/1995;6;40;30;15;37;128;;BENZ 0169;13/04/1994;21;49;19;61;58;208;;BENZ 0118;21/04/1993;3;75;36;44;4;162;;BENZ 0066;08/04/1992;40;25;31;19;67;182;;BENZ 0017;17/04/1991;56;35;78;50;51;270;;;;;;;;;
BENZ 1840;22/04/2026;44;81;49;56;26;256;;BENZ 1787;16/04/2025;42;41;62;29;46;220;;BENZ 1735;17/04/2024;90;40;79;30;19;258;;BENZ 1683;19/04/2023;87;69;28;50;47;281;;BENZ 1631;20/04/2022;42;59;45;1;88;235;;BENZ 1579;21/04/2021;22;6;60;25;88;201;;BENZ 1526;15/04/2020;79;46;75;52;56;308;;BENZ 1474;17/04/2019;65;70;21;81;26;263;;BENZ 1422;18/04/2018;10;55;77;76;37;255;;BENZ 1370;19/04/2017;8;90;72;26;39;235;;BENZ 1318;20/04/2016;21;82;2;23;62;190;;BENZ 1266;22/04/2015;47;23;17;73;69;229;;BENZ 1213;16/04/2014;88;1;26;87;56;258;;BENZ 1161;17/04/2013;16;87;47;39;37;226;;BENZ 1109;18/04/2012;50;25;87;82;85;329;;BENZ 1057;20/04/2011;84;47;2;88;53;274;;BENZ 1005;21/04/2010;74;19;87;50;85;315;;BENZ 0953;22/04/2009;12;71;5;69;19;176;;BENZ 0900;16/04/2008;43;16;4;49;81;193;;BENZ 0848;18/04/2007;7;5;42;81;35;170;;BENZ 0796;19/04/2006;22;68;29;55;12;186;;BENZ 0744;20/04/2005;48;49;35;76;8;216;;BENZ 0692;21/04/2004;27;23;28;8;7;93;;BENZ 0639;16/04/2003;21;85;90;5;22;223;;BENZ 0587;17/04/2002;78;20;22;50;70;240;;BENZ 0535;18/04/2001;20;60;57;41;75;253;;BENZ 0483;19/04/2000;75;8;54;62;29;228;;BENZ 0431;21/04/1999;82;58;24;84;22;270;;BENZ 0379;22/04/1998;37;52;60;87;26;262;;BENZ 0326;16/04/1997;85;39;55;40;69;288;;BENZ 0274;17/04/1996;29;40;56;42;76;243;;BENZ 0222;19/04/1995;51;69;86;27;30;263;;BENZ 0170;20/04/1994;22;44;75;76;77;294;;BENZ 0119;28/04/1993;41;68;47;32;14;202;;BENZ 0067;15/04/1992;22;57;41;38;36;194;;BENZ 0018;24/04/1991;32;88;66;83;20;289;;;;;;;;;
BENZ 1841;29/04/2026;69;59;32;47;76;283;;BENZ 1788;23/04/2025;82;17;25;88;41;253;;BENZ 1736;24/04/2024;42;41;3;61;65;212;;BENZ 1684;26/04/2023;20;26;65;82;74;267;;BENZ 1632;27/04/2022;83;49;22;25;65;244;;BENZ 1580;28/04/2021;51;2;69;72;42;236;;BENZ 1527;22/04/2020;10;83;17;59;31;200;;BENZ 1475;24/04/2019;15;88;82;34;49;268;;BENZ 1423;25/04/2018;35;89;59;74;13;270;;BENZ 1371;26/04/2017;60;70;16;5;3;154;;BENZ 1319;27/04/2016;21;24;13;62;29;149;;BENZ 1267;29/04/2015;34;65;25;21;77;222;;BENZ 1214;23/04/2014;65;55;29;14;89;252;;BENZ 1162;24/04/2013;71;50;8;89;14;232;;BENZ 1110;25/04/2012;24;55;83;9;45;216;;BENZ 1058;27/04/2011;30;34;26;9;73;172;;BENZ 1006;28/04/2010;35;57;81;8;74;255;;BENZ 0954;29/04/2009;78;58;76;85;75;372;;BENZ 0901;23/04/2008;23;68;90;51;64;296;;BENZ 0849;25/04/2007;72;33;66;19;27;217;;BENZ 0797;26/04/2006;33;23;75;2;7;140;;BENZ 0745;27/04/2005;21;50;56;33;52;212;;BENZ 0693;28/04/2004;83;66;15;29;20;213;;BENZ 0640;23/04/2003;35;79;62;70;1;247;;BENZ 0588;24/04/2002;83;74;5;87;27;276;;BENZ 0536;25/04/2001;19;40;22;86;26;193;;BENZ 0484;26/04/2000;37;27;79;35;82;260;;BENZ 0432;28/04/1999;11;73;5;22;9;120;;BENZ 0380;29/04/1998;2;58;50;77;49;236;;BENZ 0327;23/04/1997;41;34;90;32;57;254;;BENZ 0275;24/04/1996;23;74;67;69;27;260;;BENZ 0223;26/04/1995;22;51;29;88;44;234;;BENZ 0171;27/04/1994;31;41;58;69;25;224;;BENZ 0120;05/05/1993;50;24;5;33;64;176;;BENZ 0068;22/04/1992;49;6;19;83;20;177;;BENZ 0019;01/05/1991;65;38;82;11;66;262;;;;;;;;;
BENZ 1842;06/05/2026;39;36;75;69;52;271;;BENZ 1789;30/04/2025;21;10;44;46;73;194;;BENZ 1737;01/05/2024;30;37;19;39;21;146;;BENZ 1685;03/05/2023;36;17;89;3;40;185;;BENZ 1633;04/05/2022;90;37;20;88;27;262;;BENZ 1581;05/05/2021;35;1;21;72;39;168;;BENZ 1528;29/04/2020;20;15;30;79;90;234;;BENZ 1476;01/05/2019;77;23;12;56;1;169;;BENZ 1424;02/05/2018;2;25;34;81;63;205;;BENZ 1372;03/05/2017;20;67;10;75;86;258;;BENZ 1320;04/05/2016;78;8;58;83;40;267;;BENZ 1268;06/05/2015;41;9;82;66;36;234;;BENZ 1215;30/04/2014;36;56;3;37;73;205;;BENZ 1163;01/05/2013;8;72;68;78;33;259;;BENZ 1111;02/05/2012;6;54;41;30;62;193;;BENZ 1059;04/05/2011;28;39;25;67;8;167;;BENZ 1007;05/05/2010;16;33;45;32;85;211;;BENZ 0955;06/05/2009;14;44;11;23;17;109;;BENZ 0902;30/04/2008;13;44;17;10;37;121;;BENZ 0850;02/05/2007;59;19;18;32;27;155;;BENZ 0798;03/05/2006;26;40;60;12;53;191;;BENZ 0746;04/05/2005;8;31;63;12;65;179;;BENZ 0694;05/05/2004;67;57;68;39;80;311;;BENZ 0641;30/04/2003;52;84;1;76;72;285;;BENZ 0589;01/05/2002;84;36;74;43;80;317;;BENZ 0537;02/05/2001;31;54;72;80;78;315;;BENZ 0485;03/05/2000;3;42;11;78;87;221;;BENZ 0433;05/05/1999;1;3;50;21;42;117;;BENZ 0381;06/05/1998;70;9;12;35;50;176;;BENZ 0328;30/04/1997;56;40;9;51;31;187;;BENZ 0276;01/05/1996;24;74;58;50;17;223;;BENZ 0224;03/05/1995;46;13;4;36;73;172;;BENZ 0172;04/05/1994;22;5;49;25;59;160;;BENZ 0121;12/05/1993;2;16;86;54;18;176;;BENZ 0069;29/04/1992;61;8;4;34;41;148;;BENZ 0020;08/05/1991;12;28;71;27;36;174;;;;;;;;;
BENZ 1843;13/05/2026;70;76;81;48;8;283;;BENZ 1790;07/05/2025;53;25;47;61;42;228;;BENZ 1738;08/05/2024;70;22;41;33;66;232;;BENZ 1686;10/05/2023;88;78;51;5;31;253;;BENZ 1634;11/05/2022;50;45;17;20;10;142;;BENZ 1582;12/05/2021;29;19;23;83;68;222;;BENZ 1529;06/05/2020;22;62;48;42;64;238;;BENZ 1477;08/05/2019;42;86;67;78;68;341;;BENZ 1425;09/05/2018;75;88;63;14;89;329;;BENZ 1373;10/05/2017;60;61;24;37;29;211;;BENZ 1321;11/05/2016;36;10;44;22;90;202;;BENZ 1269;13/05/2015;69;62;39;86;71;327;;BENZ 1216;07/05/2014;40;78;6;7;17;148;;BENZ 1164;08/05/2013;56;69;19;26;24;194;;BENZ 1112;09/05/2012;64;23;18;69;9;183;;BENZ 1060;11/05/2011;40;32;10;25;14;121;;BENZ 1008;12/05/2010;55;61;63;44;1;224;;BENZ 0956;13/05/2009;43;45;51;79;60;278;;BENZ 0903;07/05/2008;78;67;61;26;13;245;;BENZ 0851;09/05/2007;47;31;12;88;85;263;;BENZ 0799;10/05/2006;90;52;53;27;46;268;;BENZ 0747;11/05/2005;58;4;51;40;39;192;;BENZ 0695;12/05/2004;48;27;70;14;88;247;;BENZ 0642;07/05/2003;3;36;5;84;54;182;;BENZ 0590;08/05/2002;62;41;2;85;36;226;;BENZ 0538;09/05/2001;88;83;79;13;61;324;;BENZ 0486;10/05/2000;58;34;3;1;20;116;;BENZ 0434;12/05/1999;55;12;59;39;81;246;;BENZ 0382;13/05/1998;53;2;23;76;27;181;;BENZ 0329;07/05/1997;84;53;85;50;87;359;;BENZ 0277;08/05/1996;28;22;19;46;32;147;;BENZ 0225;10/05/1995;75;48;8;77;40;248;;BENZ 0173;11/05/1994;49;35;28;15;82;209;;BENZ 0122;19/05/1993;11;89;25;51;70;246;;BENZ 0070;06/05/1992;29;6;27;25;88;175;;BENZ 0021;15/05/1991;43;9;68;75;47;242;;;;;;;;;
BENZ 1844;20/05/2026;27;30;58;70;89;274;;BENZ 1791;14/05/2025;43;36;48;75;29;231;;BENZ 1739;15/05/2024;14;47;87;38;3;189;;BENZ 1687;17/05/2023;4;47;57;72;33;213;;BENZ 1635;18/05/2022;50;32;10;88;67;247;;BENZ 1583;19/05/2021;27;52;36;37;16;168;;BENZ 1530;13/05/2020;9;61;73;81;15;239;;BENZ 1478;15/05/2019;50;82;40;23;37;232;;BENZ 1426;16/05/2018;5;78;15;58;79;235;;BENZ 1374;17/05/2017;21;11;35;26;31;124;;BENZ 1322;18/05/2016;15;16;43;58;86;218;;BENZ 1270;20/05/2015;53;81;76;57;2;269;;BENZ 1217;14/05/2014;62;69;88;22;45;286;;BENZ 1165;15/05/2013;11;19;82;35;68;215;;BENZ 1113;16/05/2012;85;71;21;68;61;306;;BENZ 1061;18/05/2011;84;89;85;1;36;295;;BENZ 1009;19/05/2010;66;90;15;32;34;237;;BENZ 0957;20/05/2009;70;50;86;26;2;234;;BENZ 0904;14/05/2008;50;35;59;69;42;255;;BENZ 0852;16/05/2007;74;80;37;78;71;340;;BENZ 0800;17/05/2006;1;8;71;56;17;153;;BENZ 0748;18/05/2005;19;14;46;6;62;147;;BENZ 0696;19/05/2004;79;81;8;45;54;267;;BENZ 0643;14/05/2003;23;38;61;62;37;221;;BENZ 0591;15/05/2002;40;24;61;11;38;174;;BENZ 0539;16/05/2001;35;46;30;62;6;179;;BENZ 0487;17/05/2000;33;38;81;74;46;272;;BENZ 0435;19/05/1999;55;60;66;50;75;306;;BENZ 0383;20/05/1998;37;19;90;78;79;303;;BENZ 0330;14/05/1997;45;37;7;43;60;192;;BENZ 0278;15/05/1996;81;67;63;71;87;369;;BENZ 0226;17/05/1995;75;29;26;53;42;225;;BENZ 0174;18/05/1994;65;24;8;10;6;113;;BENZ 0123;26/05/1993;21;26;57;17;53;174;;BENZ 0071;13/05/1992;13;44;50;67;17;191;;BENZ 0022;22/05/1991;75;76;88;59;66;364;;;;;;;;;
BENZ 1845;27/05/2026;72;33;54;87;38;284;;BENZ 1792;21/05/2025;23;72;48;19;84;246;;BENZ 1740;22/05/2024;19;7;53;42;50;171;;BENZ 1688;24/05/2023;26;60;88;41;86;301;;BENZ 1636;25/05/2022;47;62;24;69;63;265;;BENZ 1584;26/05/2021;17;90;19;62;27;215;;BENZ 1531;20/05/2020;13;56;45;83;41;238;;BENZ 1479;22/05/2019;75;82;26;33;13;229;;BENZ 1427;23/05/2018;40;73;22;74;69;278;;BENZ 1375;24/05/2017;71;51;34;61;39;256;;BENZ 1323;25/05/2016;14;45;48;37;82;226;;BENZ 1271;27/05/2015;81;6;9;11;66;173;;BENZ 1218;21/05/2014;60;72;30;59;34;255;;BENZ 1166;22/05/2013;2;58;83;15;21;179;;BENZ 1114;23/05/2012;16;59;47;74;54;250;;BENZ 1062;25/05/2011;38;58;40;79;28;243;;BENZ 1010;26/05/2010;71;73;6;42;11;203;;BENZ 0958;27/05/2009;87;11;61;60;30;249;;BENZ 0905;21/05/2008;27;39;4;81;30;181;;BENZ 0853;23/05/2007;78;43;3;8;7;139;;BENZ 0801;24/05/2006;47;36;62;68;76;289;;BENZ 0749;25/05/2005;8;47;49;70;51;225;;BENZ 0697;26/05/2004;39;56;28;89;58;270;;BENZ 0644;21/05/2003;82;23;4;34;38;181;;BENZ 0592;22/05/2002;25;55;24;87;31;222;;BENZ 0540;23/05/2001;64;1;80;17;54;216;;BENZ 0488;24/05/2000;35;70;14;51;28;198;;BENZ 0436;26/05/1999;47;41;5;89;46;228;;BENZ 0384;27/05/1998;23;9;35;5;88;160;;BENZ 0331;21/05/1997;45;79;46;83;25;278;;BENZ 0279;22/05/1996;62;1;30;11;60;164;;BENZ 0227;24/05/1995;60;63;8;45;26;202;;BENZ 0175;25/05/1994;36;21;57;63;68;245;;BENZ 0124;02/06/1993;35;61;60;5;74;235;;BENZ 0072;20/05/1992;49;34;30;1;32;146;;BENZ 0023;29/05/1991;52;37;70;12;81;252;;;;;;;;;
BENZ 1846;03/06/2026;74;31;40;44;27;216;;BENZ 1793;28/05/2025;72;6;51;2;17;148;;BENZ 1741;29/05/2024;14;75;19;71;83;262;;BENZ 1689;31/05/2023;86;79;57;52;29;303;;BENZ 1637;01/06/2022;67;48;15;44;2;176;;BENZ 1585;02/06/2021;16;88;47;86;84;321;;BENZ 1532;27/05/2020;1;24;69;33;15;142;;BENZ 1480;29/05/2019;6;82;81;18;5;192;;BENZ 1428;30/05/2018;89;61;31;56;12;249;;BENZ 1376;31/05/2017;70;26;43;86;40;265;;BENZ 1324;01/06/2016;42;17;56;52;55;222;;BENZ 1272;03/06/2015;12;41;76;18;55;202;;BENZ 1219;28/05/2014;61;32;80;36;72;281;;BENZ 1167;29/05/2013;17;46;18;13;50;144;;BENZ 1115;30/05/2012;9;81;46;54;73;263;;BENZ 1063;01/06/2011;5;63;41;43;50;202;;BENZ 1011;02/06/2010;80;60;82;19;70;311;;BENZ 0959;03/06/2009;67;11;68;45;7;198;;BENZ 0906;28/05/2008;62;14;72;56;27;231;;BENZ 0854;30/05/2007;44;42;88;2;19;195;;BENZ 0802;31/05/2006;52;45;48;32;85;262;;BENZ 0750;01/06/2005;61;77;19;20;43;220;;BENZ 0698;02/06/2004;84;90;2;29;83;288;;BENZ 0645;28/05/2003;88;59;8;68;62;285;;BENZ 0593;29/05/2002;64;54;11;42;15;186;;BENZ 0541;30/05/2001;16;38;47;66;12;179;;BENZ 0489;31/05/2000;16;68;28;65;15;192;;BENZ 0437;02/06/1999;25;36;58;5;24;148;;BENZ 0385;03/06/1998;33;9;68;5;12;127;;BENZ 0332;28/05/1997;50;45;49;58;5;207;;BENZ 0280;29/05/1996;6;19;42;16;75;158;;BENZ 0228;31/05/1995;31;34;59;11;42;177;;BENZ 0176;01/06/1994;10;20;68;51;77;226;;BENZ 0125;09/06/1993;4;21;62;40;17;144;;BENZ 0073;27/05/1992;21;71;24;82;6;204;;BENZ 0024;05/06/1991;59;66;32;48;28;233;;;;;;;;;
BENZ 1847;10/06/2026;53;16;90;57;38;254;;BENZ 1794;04/06/2025;56;34;24;21;63;198;;BENZ 1742;05/06/2024;39;63;28;88;74;292;;BENZ 1690;07/06/2023;43;60;41;88;25;257;;BENZ 1638;08/06/2022;54;44;75;52;8;233;;BENZ 1586;09/06/2021;72;42;37;57;8;216;;BENZ 1533;03/06/2020;80;51;77;22;64;294;;BENZ 1481;05/06/2019;90;51;4;39;69;253;;BENZ 1429;06/06/2018;26;88;85;38;12;249;;BENZ 1377;07/06/2017;90;69;67;8;52;286;;BENZ 1325;08/06/2016;62;36;53;72;58;281;;BENZ 1273;10/06/2015;45;10;78;86;54;273;;BENZ 1220;04/06/2014;66;65;33;24;78;266;;BENZ 1168;05/06/2013;9;76;36;33;83;237;;BENZ 1116;06/06/2012;49;89;45;64;58;305;;BENZ 1064;08/06/2011;68;35;26;25;74;228;;BENZ 1012;09/06/2010;84;28;11;59;55;237;;BENZ 0960;10/06/2009;35;30;24;16;70;175;;BENZ 0907;04/06/2008;76;55;62;7;81;281;;BENZ 0855;06/06/2007;71;52;41;18;89;271;;BENZ 0803;07/06/2006;3;89;59;22;31;204;;BENZ 0751;08/06/2005;20;13;58;56;68;215;;BENZ 0699;09/06/2004;17;18;72;34;19;160;;BENZ 0646;04/06/2003;67;89;15;68;64;303;;BENZ 0594;05/06/2002;29;64;4;81;71;249;;BENZ 0542;06/06/2001;16;39;19;10;52;136;;BENZ 0490;07/06/2000;29;39;46;10;58;182;;BENZ 0438;09/06/1999;78;88;80;20;26;292;;BENZ 0386;10/06/1998;37;81;46;28;35;227;;BENZ 0333;04/06/1997;46;39;66;16;50;217;;BENZ 0281;05/06/1996;49;88;84;50;28;299;;BENZ 0229;07/06/1995;9;26;34;89;11;169;;BENZ 0177;08/06/1994;49;70;80;73;62;334;;BENZ 0126;16/06/1993;24;5;36;85;19;169;;BENZ 0074;03/06/1992;47;14;33;42;74;210;;BENZ 0025;19/06/1991;48;7;27;28;51;161;;;;;;;;;
BENZ 1848;17/06/2026;44;68;4;59;86;261;;BENZ 1795;11/06/2025;17;89;59;4;65;234;;BENZ 1743;12/06/2024;71;15;75;86;74;321;;BENZ 1691;14/06/2023;41;59;73;12;45;230;;BENZ 1639;15/06/2022;25;28;68;87;48;256;;BENZ 1587;16/06/2021;2;53;34;88;64;241;;BENZ 1534;10/06/2020;69;25;49;2;52;197;;BENZ 1482;12/06/2019;66;60;11;49;65;251;;BENZ 1430;13/06/2018;1;27;16;73;34;151;;BENZ 1378;14/06/2017;87;66;53;4;50;260;;BENZ 1326;15/06/2016;39;10;84;70;65;268;;BENZ 1274;17/06/2015;17;77;19;78;29;220;;BENZ 1221;11/06/2014;25;75;21;69;53;243;;BENZ 1169;12/06/2013;31;10;44;12;30;127;;BENZ 1117;13/06/2012;72;13;8;11;28;132;;BENZ 1065;15/06/2011;80;14;45;5;73;217;;BENZ 1013;16/06/2010;60;12;58;66;35;231;;BENZ 0961;17/06/2009;37;32;83;11;12;175;;BENZ 0908;11/06/2008;61;22;3;26;4;116;;BENZ 0856;13/06/2007;66;22;65;69;25;247;;BENZ 0804;14/06/2006;47;65;19;79;48;258;;BENZ 0752;15/06/2005;20;14;32;41;56;163;;BENZ 0700;16/06/2004;83;69;77;2;16;247;;BENZ 0647;11/06/2003;68;16;81;75;80;320;;BENZ 0595;12/06/2002;77;3;56;46;61;243;;BENZ 0543;13/06/2001;61;14;34;26;53;188;;BENZ 0491;14/06/2000;31;69;14;77;83;274;;BENZ 0439;16/06/1999;12;48;53;59;31;203;;BENZ 0387;17/06/1998;52;63;76;50;77;318;;BENZ 0334;11/06/1997;67;39;31;53;35;225;;BENZ 0282;12/06/1996;43;27;70;19;36;195;;BENZ 0230;14/06/1995;45;68;20;31;83;247;;BENZ 0178;15/06/1994;17;50;66;29;60;222;;BENZ 0127;23/06/1993;28;68;46;40;63;245;;BENZ 0075;10/06/1992;36;58;71;28;15;208;;BENZ 0026;26/06/1991;68;90;32;6;79;275;;;;;;;;;
BENZ 1849;24/06/2026;28;90;35;8;47;208;;BENZ 1796;18/06/2025;53;45;2;24;34;158;;BENZ 1744;19/06/2024;2;1;35;55;36;129;;BENZ 1692;21/06/2023;86;1;83;20;33;223;;BENZ 1640;22/06/2022;29;69;47;41;34;220;;BENZ 1588;23/06/2021;21;29;37;68;50;205;;BENZ 1535;17/06/2020;10;42;49;69;12;182;;BENZ 1483;19/06/2019;41;77;65;86;34;303;;BENZ 1431;20/06/2018;27;4;17;82;71;201;;BENZ 1379;21/06/2017;35;77;17;30;50;209;;BENZ 1327;22/06/2016;47;1;33;65;58;204;;BENZ 1275;24/06/2015;68;64;66;72;59;329;;BENZ 1222;18/06/2014;15;1;61;49;47;173;;BENZ 1170;19/06/2013;80;13;72;6;68;239;;BENZ 1118;20/06/2012;27;39;58;33;65;222;;BENZ 1066;22/06/2011;27;69;44;88;12;240;;BENZ 1014;23/06/2010;89;28;46;36;23;222;;BENZ 0962;24/06/2009;77;38;25;71;3;214;;BENZ 0909;18/06/2008;67;56;73;45;39;280;;BENZ 0857;20/06/2007;22;18;44;50;48;182;;BENZ 0805;21/06/2006;35;38;73;56;4;206;;BENZ 0753;22/06/2005;50;71;57;59;48;285;;BENZ 0701;23/06/2004;65;2;89;82;55;293;;BENZ 0648;18/06/2003;11;59;70;66;74;280;;BENZ 0596;19/06/2002;8;64;88;34;31;225;;BENZ 0544;20/06/2001;6;49;85;2;3;145;;BENZ 0492;21/06/2000;60;77;41;3;16;197;;BENZ 0440;23/06/1999;79;19;59;70;72;299;;BENZ 0388;24/06/1998;10;15;47;5;59;136;;BENZ 0335;18/06/1997;74;20;76;12;70;252;;BENZ 0283;19/06/1996;32;27;21;42;46;168;;BENZ 0231;21/06/1995;64;3;49;14;27;157;;BENZ 0179;22/06/1994;38;15;41;77;21;192;;BENZ 0128;30/06/1993;57;69;72;25;86;309;;BENZ 0076;17/06/1992;1;65;40;39;30;175;;BENZ 0027;03/07/1991;38;33;34;3;78;186;;;;;;;;;
;;;;;;;;;BENZ 1797;25/06/2025;26;29;49;8;72;184;;BENZ 1745;26/06/2024;27;85;51;74;71;308;;BENZ 1693;29/06/2023;86;1;73;30;87;277;;BENZ 1641;29/06/2022;51;2;47;59;6;165;;BENZ 1589;30/06/2021;14;41;28;27;36;146;;BENZ 1536;24/06/2020;43;17;36;47;20;163;;BENZ 1484;26/06/2019;62;80;75;3;45;265;;BENZ 1432;27/06/2018;2;9;53;39;68;171;;BENZ 1380;28/06/2017;46;66;8;49;60;229;;BENZ 1328;29/06/2016;74;89;72;40;30;305;;BENZ 1276;01/07/2015;46;7;36;53;22;164;;BENZ 1223;25/06/2014;37;16;73;59;82;267;;BENZ 1171;26/06/2013;40;14;38;15;33;140;;BENZ 1119;27/06/2012;47;27;40;19;74;207;;BENZ 1067;29/06/2011;88;84;13;4;87;276;;BENZ 1015;30/06/2010;53;44;14;8;22;141;;BENZ 0963;01/07/2009;29;7;39;16;17;108;;BENZ 0910;25/06/2008;60;1;20;42;61;184;;BENZ 0858;27/06/2007;75;19;21;29;54;198;;BENZ 0806;28/06/2006;13;47;37;58;62;217;;BENZ 0754;29/06/2005;19;28;26;1;22;96;;BENZ 0702;30/06/2004;34;83;30;86;56;289;;BENZ 0649;25/06/2003;3;35;71;22;83;214;;BENZ 0597;26/06/2002;56;69;76;35;11;247;;BENZ 0545;27/06/2001;79;4;73;10;43;209;;BENZ 0493;28/06/2000;47;30;37;85;14;213;;BENZ 0441;30/06/1999;26;67;14;31;58;196;;BENZ 0389;01/07/1998;31;84;55;13;2;185;;BENZ 0336;25/06/1997;21;5;81;77;46;230;;BENZ 0284;26/06/1996;56;29;48;4;61;198;;BENZ 0232;28/06/1995;90;64;86;53;47;340;;BENZ 0180;29/06/1994;87;66;51;60;39;303;;BENZ 0129;07/07/1993;15;47;46;28;13;149;;BENZ 0077;24/06/1992;27;24;81;51;45;228;;BENZ 0028;10/07/1991;90;45;84;37;8;264;;;;;;;;;
;;;;;;;;;BENZ 1798;02/07/2025;67;37;63;46;31;244;;BENZ 1746;03/07/2024;90;69;89;57;59;364;;BENZ 1694;05/07/2023;46;89;31;19;55;240;;BENZ 1642;06/07/2022;56;27;41;81;43;248;;BENZ 1590;07/07/2021;9;85;34;14;74;216;;BENZ 1537;01/07/2020;35;38;24;3;71;171;;BENZ 1485;03/07/2019;16;90;49;41;68;264;;BENZ 1433;04/07/2018;63;31;49;79;34;256;;BENZ 1381;05/07/2017;44;78;65;10;74;271;;BENZ 1329;06/07/2016;75;55;64;17;35;246;;BENZ 1277;08/07/2015;83;26;81;53;33;276;;BENZ 1224;02/07/2014;29;40;80;67;78;294;;BENZ 1172;03/07/2013;12;59;18;68;17;174;;BENZ 1120;04/07/2012;88;27;46;26;63;250;;BENZ 1068;06/07/2011;36;33;65;40;31;205;;BENZ 1016;07/07/2010;55;25;12;8;27;127;;BENZ 0964;08/07/2009;75;11;33;60;46;225;;BENZ 0911;02/07/2008;84;45;4;56;52;241;;BENZ 0859;04/07/2007;69;83;43;38;49;282;;BENZ 0807;05/07/2006;73;9;61;78;81;302;;BENZ 0755;06/07/2005;19;40;42;14;82;197;;BENZ 0703;07/07/2004;54;14;20;73;4;165;;BENZ 0650;02/07/2003;89;32;68;62;88;339;;BENZ 0598;03/07/2002;45;5;87;68;16;221;;BENZ 0546;04/07/2001;44;48;7;13;31;143;;BENZ 0494;05/07/2000;58;18;84;57;37;254;;BENZ 0442;07/07/1999;84;65;49;7;85;290;;BENZ 0390;08/07/1998;26;69;38;68;41;242;;BENZ 0337;02/07/1997;64;88;69;7;37;265;;BENZ 0285;03/07/1996;76;5;34;20;3;138;;BENZ 0233;05/07/1995;50;81;48;5;56;240;;BENZ 0181;06/07/1994;18;62;64;49;26;219;;BENZ 0130;14/07/1993;49;21;12;45;52;179;;BENZ 0078;01/07/1992;61;9;56;41;17;184;;BENZ 0029;17/07/1991;21;80;82;34;25;242;;;;;;;;;
;;;;;;;;;BENZ 1799;09/07/2025;90;24;35;60;39;248;;BENZ 1747;10/07/2024;19;13;64;71;55;222;;BENZ 1695;12/07/2023;26;57;3;33;72;191;;BENZ 1643;13/07/2022;6;16;83;23;66;194;;BENZ 1591;14/07/2021;49;41;33;22;58;203;;BENZ 1538;08/07/2020;16;80;23;67;52;238;;BENZ 1486;10/07/2019;12;35;3;77;61;188;;BENZ 1434;11/07/2018;67;29;11;85;61;253;;BENZ 1382;12/07/2017;59;20;23;26;85;213;;BENZ 1330;13/07/2016;36;83;10;55;45;229;;BENZ 1278;15/07/2015;6;13;33;52;45;149;;BENZ 1225;09/07/2014;52;63;20;47;18;200;;BENZ 1173;10/07/2013;37;73;51;14;10;185;;BENZ 1121;11/07/2012;30;33;47;40;6;156;;BENZ 1069;13/07/2011;88;84;62;38;25;297;;BENZ 1017;14/07/2010;32;55;18;86;6;197;;BENZ 0965;15/07/2009;78;1;70;38;50;237;;BENZ 0912;09/07/2008;65;8;58;73;41;245;;BENZ 0860;11/07/2007;11;16;48;88;75;238;;BENZ 0808;12/07/2006;83;25;82;33;50;273;;BENZ 0756;13/07/2005;16;57;58;13;2;146;;BENZ 0704;14/07/2004;21;89;77;29;84;300;;BENZ 0651;09/07/2003;33;20;34;84;3;174;;BENZ 0599;10/07/2002;50;2;3;19;37;111;;BENZ 0547;11/07/2001;52;42;1;27;29;151;;BENZ 0495;12/07/2000;62;60;10;79;7;218;;BENZ 0443;14/07/1999;4;51;43;87;81;266;;BENZ 0391;15/07/1998;14;61;38;12;23;148;;BENZ 0338;09/07/1997;6;73;62;90;13;244;;BENZ 0286;10/07/1996;47;74;36;9;22;188;;BENZ 0234;12/07/1995;12;10;77;45;18;162;;BENZ 0182;13/07/1994;86;70;41;10;37;244;;BENZ 0131;21/07/1993;7;35;17;37;80;176;;BENZ 0079;08/07/1992;10;16;69;38;18;151;;BENZ 0030;24/07/1991;50;8;4;32;37;131;;;;;;;;;
;;;;;;;;;BENZ 1800;16/07/2025;8;45;77;58;33;221;;BENZ 1748;17/07/2024;52;77;23;33;34;219;;BENZ 1696;19/07/2023;70;71;40;32;89;302;;BENZ 1644;20/07/2022;76;29;73;46;30;254;;BENZ 1592;21/07/2021;71;15;49;28;64;227;;BENZ 1539;15/07/2020;52;36;17;80;81;266;;BENZ 1487;17/07/2019;11;57;8;68;25;169;;BENZ 1435;18/07/2018;54;81;41;11;48;235;;BENZ 1383;19/07/2017;42;28;79;29;18;196;;BENZ 1331;20/07/2016;71;18;78;47;70;284;;BENZ 1279;22/07/2015;38;62;56;70;1;227;;BENZ 1226;16/07/2014;32;74;18;75;9;208;;BENZ 1174;17/07/2013;30;53;78;20;33;214;;BENZ 1122;18/07/2012;3;26;19;67;85;200;;BENZ 1070;20/07/2011;11;66;67;75;14;233;;BENZ 1018;21/07/2010;89;32;2;26;31;180;;BENZ 0966;22/07/2009;80;7;73;9;11;180;;BENZ 0913;16/07/2008;54;66;4;43;37;204;;BENZ 0861;18/07/2007;11;4;53;66;27;161;;BENZ 0809;19/07/2006;4;49;11;90;28;182;;BENZ 0757;20/07/2005;56;21;65;53;29;224;;BENZ 0705;21/07/2004;79;34;76;25;89;303;;BENZ 0652;16/07/2003;42;84;80;50;15;271;;BENZ 0600;17/07/2002;7;17;50;5;39;118;;BENZ 0548;18/07/2001;34;41;71;70;29;245;;BENZ 0496;19/07/2000;69;12;68;74;47;270;;BENZ 0444;21/07/1999;37;74;86;12;30;239;;BENZ 0392;22/07/1998;40;79;43;23;85;270;;BENZ 0339;16/07/1997;8;20;79;35;51;193;;BENZ 0287;17/07/1996;90;74;21;12;4;201;;BENZ 0235;19/07/1995;18;7;70;1;50;146;;BENZ 0183;20/07/1994;52;13;85;38;11;199;;BENZ 0132;28/07/1993;27;75;9;4;61;176;;BENZ 0080;15/07/1992;43;24;66;76;90;299;;BENZ 0031;31/07/1991;78;21;3;33;1;136;;;;;;;;;
;;;;;;;;;BENZ 1801;23/07/2025;43;85;23;59;41;251;;BENZ 1749;24/07/2024;74;87;41;29;80;311;;BENZ 1697;26/07/2023;52;1;89;28;18;188;;BENZ 1645;27/07/2022;35;68;26;27;71;227;;BENZ 1593;28/07/2021;76;44;65;42;16;243;;BENZ 1540;22/07/2020;63;67;76;38;33;277;;BENZ 1488;24/07/2019;32;45;46;60;83;266;;BENZ 1436;25/07/2018;78;16;27;32;59;212;;BENZ 1384;26/07/2017;77;43;25;8;17;170;;BENZ 1332;27/07/2016;71;56;31;74;11;243;;BENZ 1280;29/07/2015;75;90;80;52;31;328;;BENZ 1227;23/07/2014;81;41;61;53;63;299;;BENZ 1175;24/07/2013;1;48;90;62;17;218;;BENZ 1123;25/07/2012;81;73;44;19;9;226;;BENZ 1071;27/07/2011;61;55;37;89;64;306;;BENZ 1019;28/07/2010;85;7;45;87;19;243;;BENZ 0967;29/07/2009;50;20;73;46;7;196;;BENZ 0914;23/07/2008;80;35;33;54;51;253;;BENZ 0862;25/07/2007;38;8;19;83;13;161;;BENZ 0810;26/07/2006;65;73;21;18;41;218;;BENZ 0758;27/07/2005;59;82;43;35;88;307;;BENZ 0706;28/07/2004;59;65;32;42;52;250;;BENZ 0653;23/07/2003;78;18;63;68;48;275;;BENZ 0601;24/07/2002;56;37;49;19;90;251;;BENZ 0549;25/07/2001;23;63;35;72;39;232;;BENZ 0497;26/07/2000;14;84;72;5;28;203;;BENZ 0445;28/07/1999;54;11;39;56;18;178;;BENZ 0393;29/07/1998;64;86;78;41;20;289;;BENZ 0340;23/07/1997;5;35;2;20;25;87;;BENZ 0288;24/07/1996;17;79;60;5;62;223;;BENZ 0236;26/07/1995;51;30;71;10;79;241;;BENZ 0184;27/07/1994;40;43;65;74;72;294;;BENZ 0133;04/08/1993;22;6;69;56;10;163;;BENZ 0081;22/07/1992;76;33;9;8;63;189;;BENZ 0032;07/08/1991;26;35;10;79;21;171;;;;;;;;;
;;;;;;;;;BENZ 1802;30/07/2025;37;88;74;3;21;223;;BENZ 1750;31/07/2024;63;49;82;84;83;361;;BENZ 1698;02/08/2023;12;41;61;29;78;221;;BENZ 1646;03/08/2022;21;49;48;10;6;134;;BENZ 1594;04/08/2021;12;57;45;76;70;260;;BENZ 1541;29/07/2020;34;12;84;16;48;194;;BENZ 1489;31/07/2019;10;52;48;39;78;227;;BENZ 1437;01/08/2018;42;16;48;88;71;265;;BENZ 1385;02/08/2017;12;68;87;35;4;206;;BENZ 1333;03/08/2016;70;73;44;66;16;269;;BENZ 1281;05/08/2015;13;55;25;68;14;175;;BENZ 1228;30/07/2014;80;83;42;17;68;290;;BENZ 1176;31/07/2013;2;29;67;27;65;190;;BENZ 1124;01/08/2012;32;46;85;8;14;185;;BENZ 1072;03/08/2011;25;74;63;4;13;179;;BENZ 1020;04/08/2010;34;9;83;73;5;204;;BENZ 0968;05/08/2009;50;40;52;10;35;187;;BENZ 0915;30/07/2008;21;19;25;49;64;178;;BENZ 0863;01/08/2007;18;76;59;28;85;266;;BENZ 0811;02/08/2006;37;53;21;19;14;144;;BENZ 0759;03/08/2005;67;87;61;7;43;265;;BENZ 0707;04/08/2004;13;49;60;72;88;282;;BENZ 0654;30/07/2003;90;56;40;87;88;361;;BENZ 0602;31/07/2002;16;58;19;85;73;251;;BENZ 0550;01/08/2001;17;45;11;12;47;132;;BENZ 0498;02/08/2000;82;14;70;15;61;242;;BENZ 0446;04/08/1999;54;87;86;41;85;353;;BENZ 0394;05/08/1998;69;59;55;23;20;226;;BENZ 0341;30/07/1997;30;9;62;44;3;148;;BENZ 0289;31/07/1996;27;65;45;12;46;195;;BENZ 0237;02/08/1995;54;8;29;37;58;186;;BENZ 0185;03/08/1994;15;44;68;19;57;203;;BENZ 0134;11/08/1993;69;83;82;5;89;328;;BENZ 0082;29/07/1992;29;68;74;41;90;302;;BENZ 0033;14/08/1991;48;29;50;38;10;175;;;;;;;;;
;;;;;;;;;BENZ 1803;06/08/2025;58;64;3;8;10;143;;BENZ 1751;07/08/2024;43;23;14;34;84;198;;BENZ 1699;09/08/2023;76;72;32;21;19;220;;BENZ 1647;10/08/2022;81;27;1;80;37;226;;BENZ 1595;11/08/2021;74;21;85;83;26;289;;BENZ 1542;05/08/2020;74;20;69;4;45;212;;BENZ 1490;07/08/2019;48;83;14;60;22;227;;BENZ 1438;08/08/2018;87;63;37;2;9;198;;BENZ 1386;09/08/2017;88;60;29;65;52;294;;BENZ 1334;10/08/2016;41;87;62;22;8;220;;BENZ 1282;12/08/2015;87;79;46;71;17;300;;BENZ 1229;06/08/2014;69;46;83;85;38;321;;BENZ 1177;07/08/2013;77;51;87;16;4;235;;BENZ 1125;08/08/2012;45;51;42;55;33;226;;BENZ 1073;10/08/2011;41;19;2;74;13;149;;BENZ 1021;11/08/2010;68;49;51;19;87;274;;BENZ 0969;12/08/2009;90;80;41;67;19;297;;BENZ 0916;06/08/2008;61;53;28;85;75;302;;BENZ 0864;08/08/2007;53;18;42;13;10;136;;BENZ 0812;09/08/2006;43;63;57;90;68;321;;BENZ 0760;10/08/2005;59;80;55;65;63;322;;BENZ 0708;11/08/2004;40;22;89;18;14;183;;BENZ 0655;06/08/2003;15;62;14;29;61;181;;BENZ 0603;07/08/2002;54;18;25;67;22;186;;BENZ 0551;08/08/2001;79;54;83;64;40;320;;BENZ 0499;09/08/2000;18;17;72;39;9;155;;BENZ 0447;11/08/1999;4;87;17;68;57;233;;BENZ 0395;12/08/1998;29;68;13;56;45;211;;BENZ 0342;06/08/1997;2;1;61;9;3;76;;BENZ 0290;07/08/1996;19;72;12;5;22;130;;BENZ 0238;09/08/1995;35;48;64;51;19;217;;BENZ 0186;10/08/1994;5;64;19;35;28;151;;BENZ 0135;18/08/1993;33;90;11;41;52;227;;BENZ 0083;05/08/1992;60;65;28;47;16;216;;BENZ 0034;21/08/1991;8;82;72;78;10;250;;;;;;;;;
;;;;;;;;;BENZ 1804;13/08/2025;85;51;14;84;76;310;;BENZ 1752;14/08/2024;87;6;62;16;13;184;;BENZ 1700;16/08/2023;52;60;88;3;38;241;;BENZ 1648;17/08/2022;36;53;62;1;74;226;;BENZ 1596;18/08/2021;54;19;82;59;61;275;;BENZ 1543;12/08/2020;47;38;23;82;80;270;;BENZ 1491;14/08/2019;85;29;19;4;78;215;;BENZ 1439;15/08/2018;11;61;20;31;64;187;;BENZ 1387;16/08/2017;52;69;80;81;79;361;;BENZ 1335;17/08/2016;26;43;74;60;72;275;;BENZ 1283;19/08/2015;69;25;37;76;70;277;;BENZ 1230;13/08/2014;63;16;4;47;46;176;;BENZ 1178;14/08/2013;50;20;36;55;76;237;;BENZ 1126;15/08/2012;7;45;56;3;44;155;;BENZ 1074;17/08/2011;47;79;67;36;8;237;;BENZ 1022;18/08/2010;26;52;5;21;16;120;;BENZ 0970;19/08/2009;20;35;65;12;34;166;;BENZ 0917;13/08/2008;2;38;73;70;36;219;;BENZ 0865;15/08/2007;64;56;75;3;86;284;;BENZ 0813;16/08/2006;63;18;9;85;23;198;;BENZ 0761;17/08/2005;71;8;60;25;76;240;;BENZ 0709;18/08/2004;44;65;11;63;87;270;;BENZ 0656;13/08/2003;15;88;24;50;39;216;;BENZ 0604;14/08/2002;76;55;43;70;20;264;;BENZ 0552;15/08/2001;3;40;36;56;29;164;;BENZ 0500;16/08/2000;67;36;23;20;58;204;;BENZ 0448;18/08/1999;89;57;79;31;58;314;;BENZ 0396;19/08/1998;64;39;20;90;89;302;;BENZ 0343;13/08/1997;22;26;40;68;90;246;;BENZ 0291;14/08/1996;21;65;36;79;10;211;;BENZ 0239;16/08/1995;65;73;14;42;19;213;;BENZ 0187;17/08/1994;40;90;85;23;36;274;;BENZ 0136;25/08/1993;83;2;52;40;49;226;;BENZ 0084;12/08/1992;5;85;38;81;23;232;;BENZ 0035;28/08/1991;82;58;42;77;68;327;;;;;;;;;
;;;;;;;;;BENZ 1805;20/08/2025;42;13;11;8;86;160;;BENZ 1753;21/08/2024;49;47;87;53;86;322;;BENZ 1701;23/08/2023;58;78;41;84;50;311;;BENZ 1649;24/08/2022;75;38;70;34;1;218;;BENZ 1597;25/08/2021;2;55;32;62;38;189;;BENZ 1544;19/08/2020;68;40;47;87;54;296;;BENZ 1492;21/08/2019;49;34;1;10;24;118;;BENZ 1440;22/08/2018;16;9;3;38;19;85;;BENZ 1388;23/08/2017;28;47;50;84;62;271;;BENZ 1336;24/08/2016;36;70;67;75;56;304;;BENZ 1284;26/08/2015;55;65;36;87;78;321;;BENZ 1231;20/08/2014;57;48;23;47;85;260;;BENZ 1179;21/08/2013;74;13;76;2;48;213;;BENZ 1127;22/08/2012;25;80;8;52;20;185;;BENZ 1075;24/08/2011;2;52;76;49;86;265;;BENZ 1023;25/08/2010;61;74;62;73;79;349;;BENZ 0971;26/08/2009;75;33;43;49;25;225;;BENZ 0918;20/08/2008;45;47;3;68;42;205;;BENZ 0866;22/08/2007;52;51;26;7;77;213;;BENZ 0814;23/08/2006;84;17;34;31;9;175;;BENZ 0762;24/08/2005;47;65;62;15;44;233;;BENZ 0710;25/08/2004;83;9;41;46;52;231;;BENZ 0657;20/08/2003;9;40;56;79;2;186;;BENZ 0605;21/08/2002;52;46;43;62;71;274;;BENZ 0553;22/08/2001;87;16;80;50;85;318;;BENZ 0501;23/08/2000;75;16;64;19;69;243;;BENZ 0449;25/08/1999;50;51;86;28;27;242;;BENZ 0397;26/08/1998;26;20;8;67;29;150;;BENZ 0344;20/08/1997;23;87;71;20;16;217;;BENZ 0292;21/08/1996;33;43;42;70;44;232;;BENZ 0240;23/08/1995;31;35;16;13;67;162;;BENZ 0188;24/08/1994;43;56;15;70;73;257;;BENZ 0137;01/09/1993;35;56;33;39;11;174;;BENZ 0085;19/08/1992;22;39;33;79;64;237;;BENZ 0036;04/09/1991;41;2;69;55;78;245;;;;;;;;;
;;;;;;;;;BENZ 1806;27/08/2025;22;5;42;17;34;120;;BENZ 1754;28/08/2024;2;8;27;20;68;125;;BENZ 1702;30/08/2023;55;14;12;9;6;96;;BENZ 1650;31/08/2022;56;6;24;18;61;165;;BENZ 1598;01/09/2021;88;84;78;53;22;325;;BENZ 1545;26/08/2020;52;54;16;72;55;249;;BENZ 1493;28/08/2019;52;67;21;22;8;170;;BENZ 1441;29/08/2018;71;58;65;90;17;301;;BENZ 1389;30/08/2017;41;25;42;12;79;199;;BENZ 1337;31/08/2016;30;88;5;60;23;206;;BENZ 1285;02/09/2015;14;8;38;22;23;105;;BENZ 1232;27/08/2014;5;56;65;4;75;205;;BENZ 1180;28/08/2013;28;76;81;25;26;236;;BENZ 1128;29/08/2012;64;77;43;25;35;244;;BENZ 1076;31/08/2011;56;72;26;13;50;217;;BENZ 1024;01/09/2010;48;29;77;8;19;181;;BENZ 0972;02/09/2009;61;70;4;33;60;228;;BENZ 0919;27/08/2008;39;15;42;58;8;162;;BENZ 0867;29/08/2007;63;34;62;8;69;236;;BENZ 0815;30/08/2006;5;33;69;90;2;199;;BENZ 0763;31/08/2005;67;63;47;87;32;296;;BENZ 0711;01/09/2004;47;43;82;48;88;308;;BENZ 0658;27/08/2003;76;61;45;30;71;283;;BENZ 0606;28/08/2002;16;73;2;31;58;180;;BENZ 0554;29/08/2001;58;50;22;10;37;177;;BENZ 0502;30/08/2000;62;50;26;88;63;289;;BENZ 0450;01/09/1999;55;81;53;87;42;318;;BENZ 0398;02/09/1998;21;56;72;48;71;268;;BENZ 0345;27/08/1997;55;64;29;46;21;215;;BENZ 0293;28/08/1996;83;36;55;29;65;268;;BENZ 0241;30/08/1995;32;75;90;10;40;247;;BENZ 0189;31/08/1994;48;12;19;21;90;190;;BENZ 0138;08/09/1993;36;48;67;74;14;239;;BENZ 0086;26/08/1992;46;60;80;56;32;274;;BENZ 0037;11/09/1991;26;83;25;46;6;186;;;;;;;;;
;;;;;;;;;BENZ 1807;03/09/2025;86;35;24;90;29;264;;BENZ 1755;04/09/2024;87;53;56;29;19;244;;BENZ 1703;06/09/2023;39;5;24;88;79;235;;BENZ 1651;07/09/2022;89;11;70;18;42;230;;BENZ 1599;08/09/2021;4;67;26;36;86;219;;BENZ 1546;02/09/2020;61;29;85;37;63;275;;BENZ 1494;04/09/2019;83;73;55;72;17;300;;BENZ 1442;05/09/2018;38;16;10;25;59;148;;BENZ 1390;06/09/2017;86;80;6;36;47;255;;BENZ 1338;07/09/2016;62;81;28;47;66;284;;BENZ 1286;09/09/2015;33;87;66;14;80;280;;BENZ 1233;03/09/2014;19;21;43;35;53;171;;BENZ 1181;04/09/2013;13;40;24;45;14;136;;BENZ 1129;05/09/2012;17;55;51;16;61;200;;BENZ 1077;07/09/2011;80;42;23;44;55;244;;BENZ 1025;08/09/2010;62;24;21;23;57;187;;BENZ 0973;09/09/2009;70;36;84;5;40;235;;BENZ 0920;03/09/2008;11;35;68;5;40;159;;BENZ 0868;05/09/2007;8;33;36;42;53;172;;BENZ 0816;06/09/2006;3;85;69;10;42;209;;BENZ 0764;07/09/2005;24;17;38;1;83;163;;BENZ 0712;08/09/2004;77;1;30;32;65;205;;BENZ 0659;03/09/2003;25;60;68;88;46;287;;BENZ 0607;04/09/2002;22;45;18;76;14;175;;BENZ 0555;05/09/2001;55;56;14;41;60;226;;BENZ 0503;06/09/2000;17;34;64;41;7;163;;BENZ 0451;08/09/1999;84;66;48;78;55;331;;BENZ 0399;09/09/1998;5;21;13;31;44;114;;BENZ 0346;03/09/1997;52;26;57;2;23;160;;BENZ 0294;04/09/1996;49;83;9;25;42;208;;BENZ 0242;06/09/1995;25;77;78;87;1;268;;BENZ 0190;07/09/1994;36;7;70;65;38;216;;BENZ 0139;15/09/1993;47;5;79;21;37;189;;BENZ 0087;02/09/1992;60;55;23;37;50;225;;BENZ 0038;18/09/1991;52;59;40;38;79;268;;;;;;;;;
;;;;;;;;;BENZ 1808;10/09/2025;46;41;12;26;2;127;;BENZ 1756;11/09/2024;75;33;72;21;51;252;;BENZ 1704;13/09/2023;18;71;85;16;64;254;;BENZ 1652;14/09/2022;17;26;39;57;66;205;;BENZ 1600;15/09/2021;69;74;59;54;50;306;;BENZ 1547;09/09/2020;50;14;61;46;11;182;;BENZ 1495;11/09/2019;33;62;25;26;5;151;;BENZ 1443;12/09/2018;44;33;16;24;48;165;;BENZ 1391;13/09/2017;50;87;29;47;85;298;;BENZ 1339;14/09/2016;10;50;45;7;37;149;;BENZ 1287;16/09/2015;79;21;52;10;1;163;;BENZ 1234;10/09/2014;38;58;87;19;49;251;;BENZ 1182;11/09/2013;56;19;64;88;80;307;;BENZ 1130;12/09/2012;18;59;66;53;54;250;;BENZ 1078;14/09/2011;22;17;71;42;13;165;;BENZ 1026;15/09/2010;8;51;27;42;85;213;;BENZ 0974;16/09/2009;71;83;42;20;34;250;;BENZ 0921;10/09/2008;66;84;38;18;33;239;;BENZ 0869;12/09/2007;39;27;62;88;68;284;;BENZ 0817;13/09/2006;61;58;38;60;16;233;;BENZ 0765;14/09/2005;21;25;47;43;11;147;;BENZ 0713;15/09/2004;45;48;55;76;84;308;;BENZ 0660;10/09/2003;49;69;31;74;13;236;;BENZ 0608;11/09/2002;61;67;78;7;21;234;;BENZ 0556;12/09/2001;36;17;33;32;57;175;;BENZ 0504;13/09/2000;58;49;14;16;62;199;;BENZ 0452;15/09/1999;4;6;2;11;57;80;;BENZ 0400;16/09/1998;21;71;17;55;53;217;;BENZ 0347;10/09/1997;30;38;85;8;88;249;;BENZ 0295;11/09/1996;22;14;69;49;45;199;;BENZ 0243;13/09/1995;71;90;6;10;24;201;;BENZ 0191;14/09/1994;40;28;22;69;29;188;;BENZ 0140;22/09/1993;47;89;60;19;77;292;;BENZ 0088;09/09/1992;63;1;86;76;81;307;;BENZ 0039;25/09/1991;20;72;7;8;57;164;;;;;;;;;
;;;;;;;;;BENZ 1809;17/09/2025;49;34;84;28;75;270;;BENZ 1757;18/09/2024;61;53;72;31;41;258;;BENZ 1705;20/09/2023;66;11;80;79;7;243;;BENZ 1653;21/09/2022;15;16;75;64;60;230;;BENZ 1601;22/09/2021;75;23;83;73;12;266;;BENZ 1548;16/09/2020;12;68;17;25;11;133;;BENZ 1496;18/09/2019;51;36;87;17;18;209;;BENZ 1444;19/09/2018;7;51;30;56;38;182;;BENZ 1392;20/09/2017;52;70;66;67;9;264;;BENZ 1340;21/09/2016;6;27;48;75;15;171;;BENZ 1288;23/09/2015;75;48;8;67;81;279;;BENZ 1235;17/09/2014;48;11;13;47;49;168;;BENZ 1183;18/09/2013;64;35;69;36;89;293;;BENZ 1131;19/09/2012;62;28;38;37;81;246;;BENZ 1079;21/09/2011;65;70;76;29;48;288;;BENZ 1027;22/09/2010;66;56;24;16;81;243;;BENZ 0975;23/09/2009;5;18;35;41;7;106;;BENZ 0922;17/09/2008;33;82;36;6;59;216;;BENZ 0870;19/09/2007;16;19;42;3;76;156;;BENZ 0818;20/09/2006;46;69;82;77;7;281;;BENZ 0766;21/09/2005;22;87;5;23;16;153;;BENZ 0714;22/09/2004;48;27;24;1;35;135;;BENZ 0661;17/09/2003;4;28;40;29;69;170;;BENZ 0609;18/09/2002;71;50;40;31;44;236;;BENZ 0557;19/09/2001;74;19;48;68;82;291;;BENZ 0505;20/09/2000;37;15;22;75;70;219;;BENZ 0453;22/09/1999;3;12;66;2;29;112;;BENZ 0401;23/09/1998;63;30;54;1;64;212;;BENZ 0348;17/09/1997;26;35;87;12;32;192;;BENZ 0296;18/09/1996;28;14;13;63;73;191;;BENZ 0244;20/09/1995;62;54;33;27;6;182;;BENZ 0192;21/09/1994;74;71;79;27;55;306;;BENZ 0141;29/09/1993;15;21;32;73;28;169;;BENZ 0089;16/09/1992;79;46;65;68;90;348;;BENZ 0040;02/10/1991;46;33;62;53;40;234;;;;;;;;;
;;;;;;;;;BENZ 1810;24/09/2025;81;61;56;5;31;234;;BENZ 1758;25/09/2024;78;66;74;57;54;329;;BENZ 1706;27/09/2023;78;75;22;50;60;285;;BENZ 1654;28/09/2022;46;66;25;30;26;193;;BENZ 1602;29/09/2021;2;54;59;8;44;167;;BENZ 1549;23/09/2020;50;83;22;55;42;252;;BENZ 1497;25/09/2019;29;52;76;79;26;262;;BENZ 1445;26/09/2018;80;70;88;59;36;333;;BENZ 1393;27/09/2017;46;34;42;72;67;261;;BENZ 1341;28/09/2016;13;64;41;26;34;178;;BENZ 1289;30/09/2015;73;20;89;84;88;354;;BENZ 1236;24/09/2014;57;21;11;52;43;184;;BENZ 1184;25/09/2013;2;69;79;54;57;261;;BENZ 1132;26/09/2012;85;9;31;13;70;208;;BENZ 1080;28/09/2011;57;24;8;19;6;114;;BENZ 1028;29/09/2010;5;11;21;70;31;138;;BENZ 0976;30/09/2009;13;54;22;61;27;177;;BENZ 0923;24/09/2008;11;49;48;82;34;224;;BENZ 0871;26/09/2007;15;39;86;85;82;307;;BENZ 0819;27/09/2006;51;46;7;86;11;201;;BENZ 0767;28/09/2005;51;9;31;32;68;191;;BENZ 0715;29/09/2004;31;90;59;8;53;241;;BENZ 0662;24/09/2003;64;85;22;72;42;285;;BENZ 0610;25/09/2002;15;75;65;68;89;312;;BENZ 0558;26/09/2001;89;27;62;38;52;268;;BENZ 0506;27/09/2000;19;88;28;69;3;207;;BENZ 0454;29/09/1999;83;74;65;27;75;324;;BENZ 0402;30/09/1998;14;7;68;64;46;199;;BENZ 0349;24/09/1997;48;65;47;14;46;220;;BENZ 0297;25/09/1996;49;16;56;23;5;149;;BENZ 0245;27/09/1995;48;22;11;82;85;248;;BENZ 0193;28/09/1994;28;82;13;21;4;148;;BENZ 0142;06/10/1993;16;17;80;42;89;244;;BENZ 0090;23/09/1992;83;61;21;75;18;258;;BENZ 0041;09/10/1991;52;62;66;56;72;308;;;;;;;;;
;;;;;;;;;BENZ 1811;01/10/2025;68;51;61;88;14;282;;BENZ 1759;02/10/2024;6;8;59;71;33;177;;BENZ 1707;04/10/2023;82;50;30;64;67;293;;BENZ 1655;05/10/2022;47;9;79;42;75;252;;BENZ 1603;06/10/2021;66;74;57;34;25;256;;BENZ 1550;30/09/2020;76;74;31;15;47;243;;BENZ 1498;02/10/2019;35;85;4;69;1;194;;BENZ 1446;03/10/2018;89;90;8;79;9;275;;BENZ 1394;04/10/2017;52;63;21;38;75;249;;BENZ 1342;05/10/2016;71;14;25;6;8;124;;BENZ 1290;07/10/2015;13;7;74;71;67;232;;BENZ 1237;01/10/2014;56;1;90;57;68;272;;BENZ 1185;02/10/2013;37;12;64;21;70;204;;BENZ 1133;03/10/2012;1;46;65;20;48;180;;BENZ 1081;05/10/2011;32;61;20;70;17;200;;BENZ 1029;06/10/2010;49;28;24;29;52;182;;BENZ 0977;07/10/2009;3;40;37;77;18;175;;BENZ 0924;01/10/2008;23;31;42;2;79;177;;BENZ 0872;03/10/2007;15;63;78;19;82;257;;BENZ 0820;04/10/2006;72;90;55;35;46;298;;BENZ 0768;05/10/2005;76;59;78;10;51;274;;BENZ 0716;06/10/2004;73;29;46;61;48;257;;BENZ 0663;01/10/2003;22;55;15;45;76;213;;BENZ 0611;02/10/2002;22;74;15;10;17;138;;BENZ 0559;03/10/2001;28;72;18;27;59;204;;BENZ 0507;04/10/2000;45;10;31;88;1;175;;BENZ 0455;06/10/1999;77;76;12;90;61;316;;BENZ 0403;07/10/1998;5;32;76;1;41;155;;BENZ 0350;01/10/1997;25;67;42;15;70;219;;BENZ 0298;02/10/1996;16;81;18;26;12;153;;BENZ 0246;04/10/1995;47;14;11;16;33;121;;BENZ 0194;05/10/1994;74;78;49;73;27;301;;BENZ 0143;13/10/1993;18;14;42;9;54;137;;BENZ 0091;30/09/1992;16;53;27;22;46;164;;BENZ 0042;16/10/1991;32;13;25;42;7;119;;;;;;;;;
;;;;;;;;;BENZ 1812;08/10/2025;3;68;6;69;79;225;;BENZ 1760;09/10/2024;72;32;2;5;53;164;;BENZ 1708;11/10/2023;34;38;25;51;82;230;;BENZ 1656;12/10/2022;27;59;58;61;43;248;;BENZ 1604;13/10/2021;38;69;72;70;42;291;;BENZ 1551;07/10/2020;6;53;90;39;62;250;;BENZ 1499;09/10/2019;16;48;76;69;80;289;;BENZ 1447;10/10/2018;90;65;68;13;21;257;;BENZ 1395;11/10/2017;7;33;11;28;64;143;;BENZ 1343;12/10/2016;73;66;70;2;87;298;;BENZ 1291;14/10/2015;36;13;69;75;56;249;;BENZ 1238;08/10/2014;33;84;47;44;40;248;;BENZ 1186;09/10/2013;37;74;45;61;18;235;;BENZ 1134;10/10/2012;3;88;71;42;41;245;;BENZ 1082;12/10/2011;35;5;11;59;61;171;;BENZ 1030;13/10/2010;49;77;14;3;84;227;;BENZ 0978;14/10/2009;67;5;35;31;59;197;;BENZ 0925;08/10/2008;54;72;57;78;90;351;;BENZ 0873;10/10/2007;76;90;31;22;13;232;;BENZ 0821;11/10/2006;2;39;7;42;76;166;;BENZ 0769;12/10/2005;47;14;69;71;38;239;;BENZ 0717;13/10/2004;49;28;45;73;76;271;;BENZ 0664;08/10/2003;53;26;10;69;23;181;;BENZ 0612;09/10/2002;10;55;66;65;23;219;;BENZ 0560;10/10/2001;75;52;33;21;62;243;;BENZ 0508;11/10/2000;53;49;52;20;23;197;;BENZ 0456;13/10/1999;41;21;23;2;22;109;;BENZ 0404;14/10/1998;80;67;4;76;19;246;;BENZ 0351;08/10/1997;32;65;17;79;38;231;;BENZ 0299;09/10/1996;78;54;11;62;90;295;;BENZ 0247;11/10/1995;34;70;68;57;56;285;;BENZ 0195;12/10/1994;22;37;8;18;47;132;;BENZ 0144;20/10/1993;28;12;72;80;43;235;;BENZ 0092;07/10/1992;31;74;80;27;57;269;;BENZ 0043;23/10/1991;46;19;73;18;81;237;;;;;;;;;
;;;;;;;;;BENZ 1813;15/10/2025;57;16;48;18;8;147;;BENZ 1761;16/10/2024;26;21;40;57;6;150;;BENZ 1709;18/10/2023;67;24;21;15;49;176;;BENZ 1657;19/10/2022;26;56;74;42;18;216;;BENZ 1605;20/10/2021;86;22;51;65;19;243;;BENZ 1552;14/10/2020;73;37;40;20;25;195;;BENZ 1500;16/10/2019;45;53;5;78;42;223;;BENZ 1448;17/10/2018;31;80;48;90;3;252;;BENZ 1396;18/10/2017;80;59;19;52;39;249;;BENZ 1344;19/10/2016;46;67;12;83;56;264;;BENZ 1292;21/10/2015;5;28;58;46;89;226;;BENZ 1239;15/10/2014;22;33;49;24;65;193;;BENZ 1187;16/10/2013;13;61;5;4;58;141;;BENZ 1135;17/10/2012;22;38;35;34;73;202;;BENZ 1083;19/10/2011;90;15;1;69;89;264;;BENZ 1031;20/10/2010;41;42;12;27;32;154;;BENZ 0979;21/10/2009;65;67;19;33;53;237;;BENZ 0926;15/10/2008;62;28;19;18;51;178;;BENZ 0874;17/10/2007;33;86;63;14;26;222;;BENZ 0822;18/10/2006;35;19;11;83;12;160;;BENZ 0770;19/10/2005;61;56;32;47;43;239;;BENZ 0718;20/10/2004;33;8;61;47;7;156;;BENZ 0665;15/10/2003;31;67;49;51;38;236;;BENZ 0613;16/10/2002;63;90;65;14;29;261;;BENZ 0561;17/10/2001;41;48;43;38;80;250;;BENZ 0509;18/10/2000;82;73;19;14;85;273;;BENZ 0457;20/10/1999;16;32;60;40;54;202;;BENZ 0405;21/10/1998;85;22;7;52;27;193;;BENZ 0352;15/10/1997;53;17;11;80;75;236;;BENZ 0300;16/10/1996;55;17;2;39;48;161;;BENZ 0248;18/10/1995;76;48;26;8;34;192;;BENZ 0196;19/10/1994;56;34;41;59;84;274;;BENZ 0145;27/10/1993;46;14;45;5;74;184;;BENZ 0093;14/10/1992;11;33;25;74;62;205;;BENZ 0044;30/10/1991;15;90;18;1;39;163;;;;;;;;;
;;;;;;;;;BENZ 1814;22/10/2025;57;54;34;27;25;197;;BENZ 1762;23/10/2024;40;82;17;90;70;299;;BENZ 1710;25/10/2023;42;72;60;19;14;207;;BENZ 1658;26/10/2022;10;50;71;70;52;253;;BENZ 1606;27/10/2021;10;82;88;62;1;243;;BENZ 1553;21/10/2020;44;56;39;17;22;178;;BENZ 1501;23/10/2019;73;88;7;6;81;255;;BENZ 1449;24/10/2018;48;35;7;10;29;129;;BENZ 1397;25/10/2017;83;88;46;66;38;321;;BENZ 1345;26/10/2016;33;20;78;71;70;272;;BENZ 1293;28/10/2015;14;24;23;48;43;152;;BENZ 1240;22/10/2014;89;17;66;53;7;232;;BENZ 1188;23/10/2013;65;62;81;35;69;312;;BENZ 1136;24/10/2012;71;90;12;81;78;332;;BENZ 1084;26/10/2011;9;75;14;22;60;180;;BENZ 1032;27/10/2010;68;30;38;44;25;205;;BENZ 0980;28/10/2009;47;36;9;31;32;155;;BENZ 0927;22/10/2008;61;57;52;76;30;276;;BENZ 0875;24/10/2007;60;81;57;54;51;303;;BENZ 0823;25/10/2006;32;16;26;64;37;175;;BENZ 0771;26/10/2005;46;4;28;38;13;129;;BENZ 0719;27/10/2004;85;40;9;24;73;231;;BENZ 0666;22/10/2003;78;46;27;85;21;257;;BENZ 0614;23/10/2002;86;74;59;83;6;308;;BENZ 0562;24/10/2001;86;52;74;77;50;339;;BENZ 0510;25/10/2000;39;36;59;71;19;224;;BENZ 0458;27/10/1999;30;49;23;75;15;192;;BENZ 0406;28/10/1998;16;62;13;59;79;229;;BENZ 0353;22/10/1997;33;22;67;78;80;280;;BENZ 0301;23/10/1996;61;28;17;78;8;192;;BENZ 0249;25/10/1995;80;52;36;69;5;242;;BENZ 0197;26/10/1994;20;81;11;34;3;149;;BENZ 0146;03/11/1993;34;17;24;83;75;233;;BENZ 0094;21/10/1992;33;21;73;53;30;210;;BENZ 0045;06/11/1991;60;64;12;51;29;216;;;;;;;;;
;;;;;;;;;BENZ 1815;29/10/2025;3;17;46;41;6;113;;BENZ 1763;30/10/2024;74;33;2;83;62;254;;BENZ 1711;01/11/2023;81;69;64;8;48;270;;BENZ 1659;02/11/2022;67;87;46;40;72;312;;BENZ 1607;03/11/2021;72;19;85;60;56;292;;BENZ 1554;28/10/2020;21;1;80;7;72;181;;BENZ 1502;30/10/2019;39;27;75;25;35;201;;BENZ 1450;31/10/2018;83;68;8;48;27;234;;BENZ 1398;01/11/2017;46;21;64;79;86;296;;BENZ 1346;02/11/2016;44;59;47;45;48;243;;BENZ 1294;04/11/2015;38;4;2;44;66;154;;BENZ 1241;29/10/2014;64;73;54;51;87;329;;BENZ 1189;30/10/2013;64;59;47;37;12;219;;BENZ 1137;31/10/2012;13;18;84;53;89;257;;BENZ 1085;02/11/2011;66;90;45;42;60;303;;BENZ 1033;03/11/2010;74;67;18;14;88;261;;BENZ 0981;04/11/2009;2;65;80;29;61;237;;BENZ 0928;29/10/2008;70;79;63;68;38;318;;BENZ 0876;31/10/2007;11;73;5;16;38;143;;BENZ 0824;01/11/2006;66;26;8;11;75;186;;BENZ 0772;02/11/2005;20;88;74;21;12;215;;BENZ 0720;03/11/2004;3;64;26;41;83;217;;BENZ 0667;29/10/2003;48;14;56;72;27;217;;BENZ 0615;30/10/2002;41;22;78;67;14;222;;BENZ 0563;31/10/2001;68;52;65;55;39;279;;BENZ 0511;01/11/2000;4;59;15;65;72;215;;BENZ 0459;03/11/1999;23;65;82;16;28;214;;BENZ 0407;04/11/1998;21;74;69;9;57;230;;BENZ 0354;29/10/1997;72;86;5;74;57;294;;BENZ 0302;30/10/1996;20;86;47;41;71;265;;BENZ 0250;01/11/1995;14;43;22;74;46;199;;BENZ 0198;02/11/1994;69;77;58;35;55;294;;BENZ 0147;10/11/1993;37;9;70;46;61;223;;BENZ 0095;28/10/1992;59;64;80;77;11;291;;BENZ 0046;13/11/1991;32;12;40;61;28;173;;;;;;;;;
;;;;;;;;;BENZ 1816;05/11/2025;62;12;6;16;66;162;;BENZ 1764;06/11/2024;87;72;26;86;52;323;;BENZ 1712;08/11/2023;47;59;31;57;61;255;;BENZ 1660;09/11/2022;72;59;73;4;65;273;;BENZ 1608;10/11/2021;28;4;84;8;23;147;;BENZ 1555;04/11/2020;14;39;31;85;6;175;;BENZ 1503;06/11/2019;3;9;47;82;1;142;;BENZ 1451;07/11/2018;4;48;26;69;64;211;;BENZ 1399;08/11/2017;58;54;86;72;2;272;;BENZ 1347;09/11/2016;20;6;17;8;12;63;;BENZ 1295;11/11/2015;25;75;42;73;72;287;;BENZ 1242;05/11/2014;9;72;62;31;23;197;;BENZ 1190;06/11/2013;82;86;67;65;36;336;;BENZ 1138;07/11/2012;64;61;18;8;28;179;;BENZ 1086;09/11/2011;50;26;62;65;39;242;;BENZ 1034;10/11/2010;75;85;32;21;15;228;;BENZ 0982;11/11/2009;88;32;34;40;15;209;;BENZ 0929;05/11/2008;50;66;22;21;9;168;;BENZ 0877;07/11/2007;71;87;16;65;78;317;;BENZ 0825;08/11/2006;34;22;87;53;52;248;;BENZ 0773;09/11/2005;50;28;43;14;53;188;;BENZ 0721;10/11/2004;47;16;59;34;66;222;;BENZ 0668;05/11/2003;42;5;59;67;34;207;;BENZ 0616;06/11/2002;62;27;1;33;38;161;;BENZ 0564;07/11/2001;61;12;19;10;51;153;;BENZ 0512;08/11/2000;36;80;79;1;21;217;;BENZ 0460;10/11/1999;74;13;50;87;48;272;;BENZ 0408;11/11/1998;30;48;37;86;22;223;;BENZ 0355;05/11/1997;12;51;46;43;11;163;;BENZ 0303;06/11/1996;67;31;13;63;70;244;;BENZ 0251;08/11/1995;51;26;39;61;60;237;;BENZ 0199;09/11/1994;29;49;35;19;44;176;;BENZ 0148;17/11/1993;28;4;65;15;74;186;;BENZ 0096;04/11/1992;70;46;83;86;50;335;;BENZ 0047;20/11/1991;40;32;19;63;50;204;;;;;;;;;
;;;;;;;;;BENZ 1817;12/11/2025;49;87;67;56;17;276;;BENZ 1765;13/11/2024;84;48;30;38;24;224;;BENZ 1713;15/11/2023;61;83;26;86;22;278;;BENZ 1661;17/11/2022;13;65;23;69;85;255;;BENZ 1609;17/11/2021;29;9;27;86;39;190;;BENZ 1556;11/11/2020;22;63;29;65;18;197;;BENZ 1504;13/11/2019;89;33;90;83;23;318;;BENZ 1452;14/11/2018;18;59;11;81;31;200;;BENZ 1400;15/11/2017;53;60;65;10;81;269;;BENZ 1348;16/11/2016;34;79;53;67;56;289;;BENZ 1296;18/11/2015;58;26;59;76;48;267;;BENZ 1243;12/11/2014;17;37;85;90;88;317;;BENZ 1191;13/11/2013;6;16;37;80;78;217;;BENZ 1139;14/11/2012;74;47;83;14;62;280;;BENZ 1087;16/11/2011;11;34;80;19;61;205;;BENZ 1035;17/11/2010;6;76;22;77;51;232;;BENZ 0983;18/11/2009;76;49;7;27;35;194;;BENZ 0930;12/11/2008;4;80;65;76;40;265;;BENZ 0878;14/11/2007;63;23;76;29;34;225;;BENZ 0826;15/11/2006;79;66;88;74;10;317;;BENZ 0774;16/11/2005;28;6;78;17;55;184;;BENZ 0722;17/11/2004;23;8;11;55;71;168;;BENZ 0669;12/11/2003;83;87;58;14;80;322;;BENZ 0617;13/11/2002;33;74;45;15;31;198;;BENZ 0565;14/11/2001;65;13;72;87;29;266;;BENZ 0513;15/11/2000;7;33;16;50;32;138;;BENZ 0461;17/11/1999;35;67;28;25;33;188;;BENZ 0409;18/11/1998;78;7;77;47;86;295;;BENZ 0356;12/11/1997;27;49;21;57;65;219;;BENZ 0304;13/11/1996;69;52;9;50;67;247;;BENZ 0252;15/11/1995;32;75;80;62;42;291;;BENZ 0200;16/11/1994;28;69;36;31;13;177;;BENZ 0149;24/11/1993;36;55;52;25;13;181;;BENZ 0097;11/11/1992;34;47;87;64;86;318;;BENZ 0048;04/12/1991;39;56;62;71;38;266;;;;;;;;;
;;;;;;;;;BENZ 1818;19/11/2025;28;42;27;50;24;171;;BENZ 1766;20/11/2024;19;76;11;7;72;185;;BENZ 1714;22/11/2023;41;31;33;16;13;134;;BENZ 1662;23/11/2022;85;59;76;6;84;310;;BENZ 1610;24/11/2021;60;28;67;57;9;221;;BENZ 1557;18/11/2020;17;75;70;37;1;200;;BENZ 1505;20/11/2019;78;79;53;87;47;344;;BENZ 1453;21/11/2018;25;74;57;80;45;281;;BENZ 1401;22/11/2017;76;41;35;64;82;298;;BENZ 1349;23/11/2016;2;87;13;39;21;162;;BENZ 1297;25/11/2015;63;70;82;27;49;291;;BENZ 1244;19/11/2014;18;49;78;47;32;224;;BENZ 1192;20/11/2013;90;73;62;69;11;305;;BENZ 1140;21/11/2012;57;37;12;20;22;148;;BENZ 1088;23/11/2011;26;82;28;65;38;239;;BENZ 1036;24/11/2010;27;1;65;43;8;144;;BENZ 0984;25/11/2009;36;57;61;52;20;226;;BENZ 0931;19/11/2008;60;72;66;6;41;245;;BENZ 0879;21/11/2007;86;44;49;84;30;293;;BENZ 0827;22/11/2006;7;80;78;15;11;191;;BENZ 0775;23/11/2005;36;29;85;81;73;304;;BENZ 0723;24/11/2004;85;38;20;62;17;222;;BENZ 0670;19/11/2003;72;28;87;23;13;223;;BENZ 0618;20/11/2002;18;61;3;29;19;130;;BENZ 0566;21/11/2001;87;4;59;48;66;264;;BENZ 0514;22/11/2000;85;79;1;46;87;298;;BENZ 0462;24/11/1999;28;34;19;67;79;227;;BENZ 0410;25/11/1998;75;89;1;3;9;177;;BENZ 0357;19/11/1997;56;34;16;35;45;186;;BENZ 0305;20/11/1996;55;38;18;25;19;155;;BENZ 0253;22/11/1995;74;69;42;55;7;247;;BENZ 0201;23/11/1994;42;74;82;87;31;316;;BENZ 0150;01/12/1993;46;6;18;37;40;147;;BENZ 0098;25/11/1992;65;79;5;77;30;256;;BENZ 0049;11/12/1991;39;71;57;10;18;195;;;;;;;;;
;;;;;;;;;BENZ 1819;26/11/2025;28;53;41;34;84;240;;BENZ 1767;27/11/2024;7;29;83;6;38;163;;BENZ 1715;29/11/2023;43;62;39;44;27;215;;BENZ 1663;30/11/2022;46;63;4;20;24;157;;BENZ 1611;01/12/2021;37;12;75;82;3;209;;BENZ 1558;25/11/2020;53;51;65;17;40;226;;BENZ 1506;27/11/2019;90;74;38;12;24;238;;BENZ 1454;28/11/2018;86;7;50;3;37;183;;BENZ 1402;29/11/2017;52;16;24;72;75;239;;BENZ 1350;30/11/2016;35;16;45;14;10;120;;BENZ 1298;02/12/2015;5;1;33;61;35;135;;BENZ 1245;26/11/2014;48;30;22;8;60;168;;BENZ 1193;27/11/2013;22;25;77;7;32;163;;BENZ 1141;28/11/2012;53;17;61;75;89;295;;BENZ 1089;30/11/2011;19;34;58;31;50;192;;BENZ 1037;01/12/2010;2;86;24;22;8;142;;BENZ 0985;02/12/2009;50;3;15;56;17;141;;BENZ 0932;26/11/2008;43;19;67;3;30;162;;BENZ 0880;28/11/2007;45;50;21;61;60;237;;BENZ 0828;29/11/2006;86;83;17;40;29;255;;BENZ 0776;30/11/2005;80;4;34;29;17;164;;BENZ 0724;01/12/2004;19;89;78;30;35;251;;BENZ 0671;26/11/2003;50;52;74;15;39;230;;BENZ 0619;27/11/2002;87;72;57;33;28;277;;BENZ 0567;28/11/2001;80;1;22;68;39;210;;BENZ 0515;29/11/2000;50;59;14;56;86;265;;BENZ 0463;01/12/1999;35;8;82;80;88;293;;BENZ 0411;02/12/1998;51;33;84;78;24;270;;BENZ 0358;26/11/1997;62;40;88;36;34;260;;BENZ 0306;27/11/1996;54;17;82;53;87;293;;BENZ 0254;29/11/1995;24;11;68;38;3;144;;BENZ 0202;30/11/1994;34;38;48;14;88;222;;BENZ 0151;08/12/1993;82;71;60;33;28;274;;BENZ 0099;02/12/1992;48;73;49;89;13;272;;BENZ 0050;18/12/1991;41;43;74;42;87;287;;;;;;;;;
;;;;;;;;;BENZ 1820;03/12/2025;27;23;26;48;57;181;;BENZ 1768;04/12/2024;31;86;64;75;70;326;;BENZ 1716;06/12/2023;23;76;84;21;57;261;;BENZ 1664;07/12/2022;83;25;1;78;23;210;;BENZ 1612;08/12/2021;42;70;40;19;56;227;;BENZ 1559;02/12/2020;11;30;75;55;1;172;;BENZ 1507;04/12/2019;69;3;20;88;38;218;;BENZ 1455;05/12/2018;44;54;90;73;46;307;;BENZ 1403;06/12/2017;40;19;18;82;80;239;;BENZ 1351;07/12/2016;68;31;30;25;84;238;;BENZ 1299;09/12/2015;20;54;33;11;61;179;;BENZ 1246;03/12/2014;18;36;48;24;19;145;;BENZ 1194;04/12/2013;46;5;7;44;37;139;;BENZ 1142;05/12/2012;12;88;77;69;6;252;;BENZ 1090;07/12/2011;56;29;41;20;15;161;;BENZ 1038;08/12/2010;48;3;56;33;27;167;;BENZ 0986;09/12/2009;11;26;15;8;49;109;;BENZ 0933;03/12/2008;27;28;42;21;63;181;;BENZ 0881;05/12/2007;7;79;17;24;12;139;;BENZ 0829;06/12/2006;81;32;54;68;88;323;;BENZ 0777;07/12/2005;13;48;42;79;15;197;;BENZ 0725;08/12/2004;41;33;34;27;84;219;;BENZ 0672;03/12/2003;52;13;15;63;32;175;;BENZ 0620;04/12/2002;10;77;21;4;11;123;;BENZ 0568;05/12/2001;49;15;46;75;33;218;;BENZ 0516;06/12/2000;35;89;17;48;53;242;;BENZ 0464;08/12/1999;81;57;30;75;84;327;;BENZ 0412;09/12/1998;46;57;36;40;1;180;;BENZ 0359;03/12/1997;37;76;14;5;68;200;;BENZ 0307;04/12/1996;87;11;73;24;75;270;;BENZ 0255;06/12/1995;7;18;5;49;73;152;;BENZ 0203;07/12/1994;29;79;65;49;9;231;;BENZ 0152;15/12/1993;61;41;70;49;35;256;;BENZ 0100;09/12/1992;47;83;12;23;24;189;;BENZ 0051;25/12/1991;28;46;10;62;9;155;;;;;;;;;
;;;;;;;;;BENZ 1821;10/12/2025;69;58;82;14;15;238;;BENZ 1769;11/12/2024;8;65;60;83;52;268;;BENZ 1717;13/12/2023;35;12;22;28;75;172;;BENZ 1665;14/12/2022;74;15;53;67;37;246;;BENZ 1613;15/12/2021;30;57;82;29;65;263;;BENZ 1560;09/12/2020;20;14;88;41;83;246;;BENZ 1508;11/12/2019;4;8;86;30;54;182;;BENZ 1456;12/12/2018;48;65;19;81;39;252;;BENZ 1404;13/12/2017;74;18;28;72;14;206;;BENZ 1352;14/12/2016;77;72;83;4;48;284;;BENZ 1300;16/12/2015;36;48;85;14;60;243;;BENZ 1247;10/12/2014;68;31;35;27;36;197;;BENZ 1195;11/12/2013;17;39;35;78;32;201;;BENZ 1143;12/12/2012;56;9;14;24;72;175;;BENZ 1091;14/12/2011;31;5;79;47;76;238;;BENZ 1039;15/12/2010;6;70;11;88;90;265;;BENZ 0987;16/12/2009;83;51;70;50;59;313;;BENZ 0934;10/12/2008;89;32;43;16;10;190;;BENZ 0882;12/12/2007;79;59;19;70;76;303;;BENZ 0830;13/12/2006;81;68;15;60;5;229;;BENZ 0778;14/12/2005;30;3;7;13;25;78;;BENZ 0726;15/12/2004;19;67;64;68;43;261;;BENZ 0673;10/12/2003;63;73;78;52;33;299;;BENZ 0621;11/12/2002;52;76;88;40;61;317;;BENZ 0569;12/12/2001;56;67;35;21;1;180;;BENZ 0517;13/12/2000;89;5;79;7;23;203;;BENZ 0465;15/12/1999;89;14;60;6;66;235;;BENZ 0413;16/12/1998;82;53;52;47;67;301;;BENZ 0360;10/12/1997;24;49;40;70;69;252;;BENZ 0308;11/12/1996;77;61;5;21;76;240;;BENZ 0256;13/12/1995;11;6;67;31;41;156;;BENZ 0204;14/12/1994;80;88;19;1;55;243;;BENZ 0153;22/12/1993;57;43;58;28;30;216;;BENZ 0101;16/12/1992;73;40;25;8;23;169;;;;;;;;;;;;;;;;;;
;;;;;;;;;BENZ 1822;17/12/2025;46;60;74;17;43;240;;BENZ 1770;18/12/2024;40;18;9;27;64;158;;BENZ 1718;20/12/2023;81;59;60;56;20;276;;BENZ 1666;21/12/2022;75;1;69;56;16;217;;BENZ 1614;22/12/2021;18;88;45;8;36;195;;BENZ 1561;16/12/2020;47;51;35;6;64;203;;BENZ 1509;18/12/2019;41;25;57;48;85;256;;BENZ 1457;19/12/2018;26;78;48;66;33;251;;BENZ 1405;20/12/2017;10;71;36;30;74;221;;BENZ 1353;21/12/2016;47;82;8;69;41;247;;BENZ 1301;23/12/2015;63;38;71;81;85;338;;BENZ 1248;17/12/2014;88;2;66;72;9;237;;BENZ 1196;18/12/2013;60;57;62;6;26;211;;BENZ 1144;19/12/2012;6;76;18;2;48;150;;BENZ 1092;21/12/2011;48;46;5;52;83;234;;BENZ 1040;22/12/2010;13;41;61;20;27;162;;BENZ 0988;23/12/2009;32;70;8;24;48;182;;BENZ 0935;17/12/2008;11;73;4;39;62;189;;BENZ 0883;19/12/2007;56;12;73;68;82;291;;BENZ 0831;20/12/2006;73;26;11;68;77;255;;BENZ 0779;21/12/2005;27;31;17;60;14;149;;BENZ 0727;22/12/2004;45;53;28;43;23;192;;BENZ 0674;17/12/2003;14;53;13;72;19;171;;BENZ 0622;18/12/2002;42;16;47;54;69;228;;BENZ 0570;19/12/2001;57;23;63;76;10;229;;BENZ 0518;20/12/2000;87;64;16;77;22;266;;BENZ 0466;22/12/1999;73;9;29;16;82;209;;BENZ 0414;23/12/1998;28;70;50;30;38;216;;BENZ 0361;17/12/1997;22;16;53;1;85;177;;BENZ 0309;18/12/1996;10;75;68;84;16;253;;BENZ 0257;20/12/1995;77;45;36;32;4;194;;BENZ 0205;21/12/1994;80;64;34;48;19;245;;BENZ 0154;29/12/1993;81;51;88;17;31;268;;BENZ 0102;23/12/1992;89;18;3;38;71;219;;;;;;;;;;;;;;;;;;
;;;;;;;;;BENZ 1823;24/12/2025;53;85;48;86;8;280;;BENZ 1771;25/12/2024;82;15;10;72;1;180;;BENZ 1719;27/12/2023;67;42;84;81;88;362;;BENZ 1667;29/12/2022;24;7;19;42;18;110;;BENZ 1615;29/12/2021;64;49;33;44;70;260;;BENZ 1562;23/12/2020;77;38;47;66;25;253;;BENZ 1510;25/12/2019;4;63;28;8;40;143;;BENZ 1458;26/12/2018;53;64;38;34;11;200;;BENZ 1406;27/12/2017;11;19;74;7;37;148;;BENZ 1354;28/12/2016;61;14;89;68;88;320;;BENZ 1302;30/12/2015;61;82;9;57;89;298;;BENZ 1249;24/12/2014;20;75;90;40;27;252;;BENZ 1197;25/12/2013;23;44;69;25;10;171;;BENZ 1145;26/12/2012;41;50;63;1;17;172;;BENZ 1093;28/12/2011;71;74;43;82;86;356;;BENZ 1041;29/12/2010;62;8;70;72;23;235;;BENZ 0989;30/12/2009;36;6;83;45;43;213;;BENZ 0936;24/12/2008;29;47;85;62;45;268;;BENZ 0884;26/12/2007;88;12;37;83;73;293;;BENZ 0832;27/12/2006;71;10;15;1;89;186;;BENZ 0780;28/12/2005;83;37;65;71;72;328;;BENZ 0728;29/12/2004;79;4;13;45;7;148;;BENZ 0675;24/12/2003;69;8;29;32;19;157;;BENZ 0623;25/12/2002;70;8;45;44;53;220;;BENZ 0571;26/12/2001;61;59;69;28;19;236;;BENZ 0519;27/12/2000;54;46;16;78;18;212;;BENZ 0467;29/12/1999;27;45;82;3;62;219;;BENZ 0415;30/12/1998;58;60;43;14;81;256;;BENZ 0362;24/12/1997;65;90;28;39;87;309;;BENZ 0310;25/12/1996;23;13;19;21;58;134;;BENZ 0258;27/12/1995;9;2;90;26;88;215;;BENZ 0206;28/12/1994;28;42;70;90;71;301;;;;;;;;;;;BENZ 0103;30/12/1992;40;77;43;27;86;273;;;;;;;;;;;;;;;;;;
;;;;;;;;;BENZ 1824;31/12/2025;82;58;43;59;70;312;;;;;;;;;;;;;;;;;;;;;;;;;;;;;;;;;;;;;;BENZ 1563;30/12/2020;1;58;84;48;86;277;;;;;;;;;;;;;;;;;;;;;;;;;;;;;;;;;;;;;;;;;;;;;;;BENZ 1250;31/12/2014;40;46;72;24;55;237;;;;;;;;;;;;;;;;;;;;;;;;;;;;;;;;;;;;;;;;;;;;;;;BENZ 0937;31/12/2008;32;73;34;29;22;190;;;;;;;;;;;;;;;;;;;;;;;;;;;;;;;;;;;;;;BENZ 0676;31/12/2003;48;28;8;12;5;101;;;;;;;;;;;;;;;;;;;;;;;;;;;;;;;;;;;;;;;;;;;;;;;BENZ 0363;31/12/1997;36;2;27;79;48;192;;;;;;;;;;;;;;;;;;;;;;;;;;;;;;;;;;;;;;;;;;;;;;;;;;;;;;;;;;;;;;;
;;;;;;;;;;;;;;;;;;;;;;;;;;;;;;;;;;;;;;;;;;;;;;;;;;;;;;;;;;;;;;;;;;;;;;;;;;;;;;;;;;;;;;;;;;;;;;;;;;;;;;;;;;;;;;;;;;;;;;;;;;;;;;;;;;;;;;;;;;;;;;;;;;;;;;;;;;;;;;;;;;;;;;;;;;;;;;;;;;;;;;;;;;;;;;;;;;;;;;;;;;;;;;;;;;;;;;;;;;;;;;;;;;;;;;;;;;;;;;;;;;;;;;;;;;;;;;;;;;;;;;;;;;;;;;;;;;;;;;;;;;;;;;;;;;;;;;;;;;;;;;;;;;;;;;;;;;;;;;;;;;;;;;;;;;;